steady_maxTw,steady_areaFraction,sine_1_maxTw,sine_1_areaFraction,sine_4_maxTw,sine_4_areaFraction,sine_8_maxTw,sine_8_areaFraction,square_1_maxTw,square_1_areaFraction,square_4_maxTw,square_4_areaFraction,square_8_maxTw,square_8_areaFraction
0.0929124243333333,0.0233941091021816,0.182727285555556,0.0316611816797179,0.157551125555556,0.0268248460202,0.153284251111111,0.0253680463687364,0.172628721111111,0.0294593521893959,0.185363508888889,0.0318836535731229,0.162597658888889,0.0275629331012865
0.464562121666667,0.0161062378687731,0.913636427777778,0.0213420528731466,0.787755627777778,0.0171026262262954,0.766421255555555,0.0149443689047665,0.863143605555556,0.0194826406490854,0.926817544444445,0.0201700588569382,0.812988294444444,0.0159497603076641
0.836211819,0.0123277942398103,1.64454557,0.0228644371253013,1.41796013,0.0177937453308135,1.37955826,0.0151963391951641,1.55365849,0.020629828382745,1.66827158,0.021889416441484,1.46337893,0.0163740943030174
1.20786151633333,0.011598130161045,2.37545471222222,0.024314749369413,2.04816463222222,0.0206357193060738,1.99269526444444,0.0174356788691568,2.24417337444445,0.0215370040813462,2.40972561555555,0.0226771754210171,2.11376956555555,0.0188681889382979
1.57951121366667,0.0111354075992543,3.10636385444444,0.0229717175291039,2.67836913444444,0.0208937178800633,2.60583226888889,0.0187981106710177,2.93468825888889,0.0213567540093872,3.15117965111111,0.0222518977869915,2.76416020111111,0.0197889862863792
1.951160911,0.0108687994813854,3.83727299666667,0.0198249388247179,3.30857363666667,0.0197051053778323,3.21896927333333,0.0185767165234431,3.62520314333333,0.0183624078147775,3.89263368666667,0.0198047638855185,3.41455083666667,0.0195960008126459
2.32281060833333,0.0107743663732634,4.56818213888889,0.0171776410965615,3.93877813888889,0.0168007036796068,3.83210627777778,0.0171205718344984,4.31571802777778,0.0157766989853883,4.63408772222222,0.0165239303508105,4.06494147222222,0.0176639780311848
2.69446030566667,0.0106449079095376,5.29909128111111,0.0151518481516558,4.56898264111111,0.0141475544680908,4.44524328222222,0.0157064389986356,5.00623291222222,0.0141592651922765,5.37554175777778,0.0162550263353506,4.71533210777778,0.0149920608071162
3.066110003,0.0106010724835672,6.03000042333333,0.0155953047159057,5.19918714333333,0.0128800442327728,5.05838028666667,0.0134902975243989,5.69674779666667,0.0131617080910448,6.11699579333333,0.0156763765888288,5.36572274333333,0.01425178601574
3.43775970033333,0.0112508577829863,6.76090956555556,0.0159757884899456,5.82939164555556,0.0125844233482718,5.67151729111111,0.012729488635994,6.38726268111111,0.0129596084573418,6.85844982888889,0.0155511570489811,6.01611337888889,0.0142608709451364
3.80940939766667,0.0120039386877993,7.49181870777778,0.01594654655507,6.45959614777778,0.012523824080795,6.28465429555556,0.0131828383349353,7.07777756555556,0.0119343636686107,7.59990386444444,0.0162589947412775,6.66650401444444,0.0151081053352147
4.181059095,0.0118259614212173,8.22272785,0.0165056677200495,7.08980065,0.0137066333633551,6.8977913,0.0145834014713909,7.76829245,0.0126968997910841,8.3413579,0.0161084511174417,7.31689465,0.0164514229855353
4.55270879233333,0.0120864575862937,8.95363699222222,0.0163826431324893,7.72000515222222,0.014430280599522,7.51092830444444,0.0160500284730648,8.45880733444445,0.0132017690736593,9.08281193555555,0.0159999246949081,7.96728528555555,0.0184649981679427
4.92435848966667,0.0119550854898606,9.68454613444444,0.0163202535784529,8.35020965444445,0.0147876685302389,8.12406530888889,0.0165038489986385,9.14932221888889,0.013136811467736,9.82426597111111,0.0165332740830526,8.61767592111111,0.0155883236216441
5.296008187,0.0121874966666649,10.4154552766667,0.0163828453696523,8.98041415666667,0.0143999062453608,8.73720231333333,0.0153939370408575,9.83983710333333,0.0133996803504374,10.5657200066667,0.0162372401523804,9.26806655666667,0.0141889618464862
5.66765788433333,0.0132691163379754,11.1463644188889,0.0162319313001854,9.61061865888889,0.0139290036561429,9.35033931777778,0.0142678394167042,10.5303519877778,0.0146846275242148,11.3071740422222,0.0165540873238883,9.91845719222222,0.0139747079772847
6.03930758166667,0.0123406576913296,11.8772735611111,0.0153853646844404,10.2408231611111,0.0138262208585618,9.96347632222222,0.0140795835146205,11.2208668722222,0.0137466075342207,12.0486280777778,0.017179152549194,10.5688478277778,0.0138818776302464
6.410957279,0.0116104078592917,12.6081827033333,0.0127752787411275,10.8710276633333,0.0129689618495332,10.5766133266667,0.0146957339865648,11.9113817566667,0.0139286596438479,12.7900821133333,0.0139365128360941,11.2192384633333,0.0148060435491985
6.78260697633333,0.0131924247644257,13.3390918455556,0.011539443693185,11.5012321655556,0.0128195243540818,11.1897503311111,0.0140816743264151,12.6018966411111,0.0133005992930865,13.5315361488889,0.0131323837991456,11.8696290988889,0.0170496660035117
7.15425667366667,0.0127700744540889,14.0700009877778,0.0114723026385599,12.1314366677778,0.0116270949168928,11.8028873355556,0.0136138387459145,13.2924115255556,0.0131524397364357,14.2729901844445,0.010996239866801,12.5200197344444,0.0180832465647884
7.525906371,0.0116856674417622,14.80091013,0.0104326277832421,12.76164117,0.0112673096670679,12.41602434,0.0111525492489352,13.98292641,0.0115056469230779,15.01444422,0.0103703771252009,13.17041037,0.0152037324101468
7.89755606833333,0.0120716868412021,15.5318192722222,0.00925303132168829,13.3918456722222,0.0112723447098555,13.0291613444444,0.0100587921850378,14.6734412944445,0.0109589106187591,15.7558982555556,0.0101757980138695,13.8208010055556,0.0121934916092893
8.26920576566667,0.011933979478268,16.2627284144444,0.00950197412256546,14.0220501744444,0.0107445126682105,13.6422983488889,0.0110566622070703,15.3639561788889,0.0101650387978043,16.4973522911111,0.00914202976308459,14.4711916411111,0.00946933578650729
8.640855463,0.011284000339789,16.9936375566667,0.00946100120446613,14.6522546766667,0.0101930435815915,14.2554353533333,0.00987900542783487,16.0544710633333,0.0084188819668215,17.2388063266667,0.00900167300526624,15.1215822766667,0.00825991369475146
9.01250516033333,0.0105932215721448,17.7245466988889,0.00832009812082045,15.2824591788889,0.00954175424389071,14.8685723577778,0.00945213448354099,16.7449859477778,0.00864071785541847,17.9802603622222,0.00772224479058505,15.7719729122222,0.007236012993478
9.38415485766667,0.0102112581828806,18.4554558411111,0.00752013367264016,15.9126636811111,0.00871459357873133,15.4817093622222,0.00838057566773285,17.4355008322222,0.00780274447605017,18.7217143977778,0.00879414132267173,16.4223635477778,0.00740836704818019
9.755804555,0.0093740076450141,19.1863649833333,0.00758112797487116,16.5428681833333,0.00791763337525055,16.0948463666667,0.00739552223032744,18.1260157166667,0.00750256010587984,19.4631684333333,0.00737217949828288,17.0727541833333,0.00640210673647042
10.1274542523333,0.00926962002739574,19.9172741255556,0.00760341763205104,17.1730726855556,0.00866211389066682,16.7079833711111,0.00694894302579551,18.8165306011111,0.00831991119932072,20.2046224688889,0.00714863691196182,17.7231448188889,0.00590773981992483
10.4991039496667,0.00787301422070192,20.6481832677778,0.0074402516905629,17.8032771877778,0.006958017059149,17.3211203755556,0.00734528400187388,19.5070454855556,0.00744688479335636,20.9460765044444,0.00726050925767903,18.3735354544444,0.00617137599346085
10.870753647,0.00782123832043407,21.37909241,0.00665982714405461,18.43348169,0.00704117940837624,17.93425738,0.0074515958143592,20.19756037,0.0067947001616188,21.68753054,0.00674006653980656,19.02392609,0.00578145840469831
11.2424033443333,0.00734309116941639,22.1100015522222,0.00640205368802274,19.0636861922222,0.0071149390078923,18.5473943844444,0.00639113727460331,20.8880752544444,0.00640177762211346,22.4289845755556,0.00700284017693881,19.6743167255556,0.00641598066951049
11.6140530416667,0.00651983481671633,22.8409106944444,0.00600428190611259,19.6938906944444,0.00659493825899817,19.1605313888889,0.00650824017419645,21.5785901388889,0.00635937992884313,23.1704386111111,0.00628090363022842,20.3247073611111,0.0056530357243337
11.985702739,0.00654742817422073,23.5718198366667,0.00602392679228862,20.3240951966667,0.00602615543323268,19.7736683933333,0.00665019248667868,22.2691050233333,0.00637404526666292,23.9118926466667,0.00592271146289478,20.9750979966667,0.00592156732254468
12.3573524363333,0.00612779939677618,24.3027289788889,0.00471919275040078,20.9542996988889,0.0063587375095676,20.3868053977778,0.00554115759023921,22.9596199077778,0.00573185234671079,24.6533466822222,0.00582448837436507,21.6254886322222,0.00551866942573871
12.7290021336667,0.00603949872887375,25.0336381211111,0.0050474856183892,21.5845042011111,0.00592119944184331,20.9999424022222,0.00581161716505699,23.6501347922222,0.00636443609330167,25.3948007177778,0.00507764225376952,22.2758792677778,0.0058594224202597
13.100651831,0.005666817661365,25.7645472633333,0.00402174742733553,22.2147087033333,0.00529302622985401,21.6130794066667,0.00556611154919798,24.3406496766667,0.00607649356562996,26.1362547533333,0.00380470809630421,22.9262699033333,0.00581589967621703
13.4723015283333,0.00506053601249441,26.4954564055555,0.00346369355957472,22.8449132055556,0.00517073584696843,22.2262164111111,0.00549077616733843,25.0311645611111,0.00556025824530302,26.8777087888889,0.00452219321596513,23.5766605388889,0.00502648418648401
13.8439512256667,0.00504009245605626,27.2263655477778,0.00351739191189091,23.4751177077778,0.0047834811521849,22.8393534155555,0.00504217706671677,25.7216794455556,0.00574901433827195,27.6191628244444,0.0035268860166799,24.2270511744444,0.00494555859323996
14.215600923,0.00514466524362365,27.95727469,0.00360616728527524,24.10532221,0.00473754057691726,23.45249042,0.00456820281501919,26.41219433,0.00467548763485111,28.36061686,0.00299688517355044,24.87744181,0.00381171420430698
14.5872506203333,0.0043820933533218,28.6881838322222,0.00290898706810323,24.7355267122222,0.00530047564809247,24.0656274244444,0.00424483802270123,27.1027092144444,0.00430023690385105,29.1020708955556,0.0028132373130912,25.5278324455556,0.00414221180523015
14.9589003176667,0.00452559899576804,29.4190929744444,0.00306205138447964,25.3657312144444,0.00326972696724101,24.6787644288889,0.00400523592474141,27.7932240988889,0.00390311443600912,29.8435249311111,0.0023454847610591,26.1782230811111,0.00306737860188644
15.330550015,0.00445205412701614,30.1500021166667,0.00249507678589573,25.9959357166667,0.00324444659518419,25.2919014333333,0.00337036382189965,28.4837389833333,0.00341973524213372,30.5849789666667,0.00196479499242132,26.8286137166667,0.00294381987118309
15.7021997123333,0.00446246673404983,30.8809112588889,0.00201313818183548,26.6261402188889,0.00348374023086792,25.9050384377778,0.00351374183801319,29.1742538677778,0.00292386869089707,31.3264330022222,0.00161983935495574,27.4790043522222,0.00251582240115822
16.0738494096667,0.00394640002308634,31.6118204011111,0.00191808630559542,27.2563447211111,0.00325122297667408,26.5181754422222,0.00279992460636653,29.8647687522222,0.00338881497526548,32.0678870377778,0.00138488067064696,28.1293949877778,0.00208093321622383
16.445499107,0.00378431740350556,32.3427295433333,0.00167208022950977,27.8865492233333,0.00278526663233036,27.1313124466667,0.00273546935934467,30.5552836366667,0.0027154089469813,32.8093410733333,0.00137573949568587,28.7797856233333,0.00179526925553343
16.8171488043333,0.0033753647883876,33.0736386855556,0.00168646523286744,28.5167537255556,0.00248077083252906,27.7444494511111,0.00265289322203923,31.2457985211111,0.00264513428004788,33.5507951088889,0.00122732711989112,29.4301762588889,0.00175048154902851
17.1887985016667,0.00336249009483682,33.8045478277778,0.00139546622221452,29.1469582277778,0.00238261404261213,28.3575864555556,0.00240955029823767,31.9363134055556,0.00225663421177295,34.2922491444445,0.00108008689779751,30.0805668944444,0.0016397751258433
17.560448199,0.00308302547873019,34.53545697,0.00140348374217953,29.77716273,0.00223971631070848,28.97072346,0.00211990513982359,32.62682829,0.00201377871425408,35.03370318,0.000982608090294278,30.73095753,0.00144176956432484
17.9320978963333,0.0030323230673368,35.2663661122222,0.00107580055460634,30.4073672322222,0.0021792792596912,29.5838604644444,0.00213852468935291,33.3173431744444,0.00191845925402249,35.7751572155555,0.000932941307939217,31.3813481655556,0.00125946481418587
18.3037475936667,0.00296181138229656,35.9972752544444,0.000911145773570177,31.0375717344444,0.00202708941329189,30.1969974688889,0.00187825214754568,34.0078580588889,0.00142714771538943,36.5166112511111,0.000885274100322513,32.0317388011111,0.0012145170367118
18.675397291,0.00279337497624069,36.7281843966667,0.000804989459848329,31.6677762366667,0.00174568605705749,30.8101344733333,0.00188848860021852,34.6983729433333,0.00137691069365151,37.2580652866667,0.000729517214889515,32.6821294366667,0.00103148649508025
19.0470469883333,0.00270113660451866,37.4590935388889,0.000735379819945195,32.2979807388889,0.00161826896328202,31.4232714777778,0.00136221634055611,35.3888878277778,0.00123554711577423,37.9995193222222,0.000674814458417651,33.3325200722222,0.00102748342410527
19.4186966856667,0.00267518302009739,38.1900026811111,0.000711409386572741,32.9281852411111,0.00160963203385625,32.0364084822222,0.00139000114663587,36.0794027122222,0.00106645554786551,38.7409733577778,0.000593674754141867,33.9829107077778,0.000864722090296408
19.790346383,0.00255156878843975,38.9209118233333,0.000600160097857598,33.5583897433333,0.00145581853926493,32.6495454866667,0.00117867967618685,36.7699175966667,0.00102898383071425,39.4824273933333,0.000566347692781249,34.6333013433333,0.000806489289599326
20.1619960803333,0.0026110965780102,39.6518209655556,0.000549291618891329,34.1885942455556,0.00126314161379673,33.2626824911111,0.00119900537449292,37.4604324811111,0.000928135303475562,40.2238814288889,0.000475114158275141,35.2836919788889,0.0007257053235358
20.5336457776667,0.00228919020229109,40.3827301077778,0.000490940753297214,34.8187987477778,0.00113305257704089,33.8758194955555,0.00107162502398713,38.1509473655556,0.000844662904674192,40.9653354644444,0.000428240850138962,35.9340826144444,0.000663422061856516
20.905295475,0.00202752616547779,41.11363925,0.000445794918781514,35.44900325,0.000896757454627165,34.4889565,0.000869756296308541,38.84146225,0.000777682270958342,41.7067895,0.000421458268127657,36.58447325,0.000661508437096258
21.2769451723333,0.00210150937466139,41.8445483922222,0.000394965188247228,36.0792077522222,0.000793724614466038,35.1020935044444,0.000915570514840874,39.5319771344444,0.000707738345619077,42.4482435355556,0.00035954276349853,37.2348638855556,0.000527101654948419
21.6485948696667,0.00181568274842437,42.5754575344445,0.000367603669961543,36.7094122544445,0.000750770893167447,35.7152305088889,0.000894557736231605,40.2224920188889,0.000657275170974069,43.1896975711111,0.000306093838800041,37.8852545211111,0.000474439394017659
22.020244567,0.00173445878652283,43.3063666766667,0.000306216487342999,37.3396167566667,0.000678384328916754,36.3283675133333,0.000823313735104623,40.9130069033333,0.000586841814124586,43.9311516066667,0.000273286368171338,38.5356451566667,0.000430071293741042
22.3918942643333,0.0016217415949232,44.0372758188889,0.000296143750393943,37.9698212588889,0.000592490502913865,36.9415045177778,0.000765536569070222,41.6035217877778,0.000534016214504045,44.6726056422222,0.000238708228435381,39.1860357922222,0.000384246555114124
22.7635439616667,0.00158642702917898,44.7681849611111,0.000232426568829975,38.6000257611111,0.000616433980799936,37.5546415222222,0.000683879322364222,42.2940366722222,0.000435233564389191,45.4140596777778,0.000213588621026606,39.8364264277778,0.000341124469825296
23.135193659,0.00159650226238622,45.4990941033333,0.000228277780771014,39.2302302633333,0.000510901215495621,38.1677785266667,0.000572530404801141,42.9845515566667,0.000423203634740962,46.1555137133333,0.000204899912712085,40.4868170633333,0.000312837614960449
23.5068433563333,0.0014663291758211,46.2300032455556,0.000233964689940475,39.8604347655556,0.00044658542828226,38.7809155311111,0.000540669491909399,43.6750664411111,0.000399205664120872,46.8969677488889,0.000213375005787884,41.1372076988889,0.000297755184363136
23.8784930536667,0.00148057219691322,46.9609123877778,0.000202818425376234,40.4906392677778,0.000432860598390678,39.3940525355555,0.000535345421457561,44.3655813255556,0.000342462590733075,47.6384217844444,0.000179125043886319,41.7875983344444,0.000259575808249994
24.250142751,0.00141198015003012,47.69182153,0.000192623580530074,41.12084377,0.000346500833834543,40.00718954,0.000450299245872559,45.05609621,0.000322944292247069,48.37987582,0.000146642832659065,42.43798897,0.000200704401669016
24.6217924483333,0.00135101250997167,48.4227306722222,0.000177802994440197,41.7510482722222,0.000303672992431029,40.6203265444444,0.000404540122801757,45.7466110944444,0.000271493485305678,49.1213298555556,0.000146789641888613,43.0883796055556,0.000169354409010963
24.9934421456667,0.00124994319932549,49.1536398144445,0.000159720038583877,42.3812527744444,0.000276947090549433,41.2334635488889,0.000356673692276961,46.4371259788889,0.000263366681905679,49.8627838911111,0.000146594248121994,43.7387702411111,0.000169856765041807
25.365091843,0.00123860726831506,49.8845489566667,0.000148143273222784,43.0114572766667,0.00025160684067483,41.8466005533333,0.000341542801382454,47.1276408633333,0.00027627435659499,50.6042379266667,0.000121088509643571,44.3891608766667,0.000158190055952422
25.7367415403333,0.00114306462241254,50.6154580988889,0.000153619777862515,43.6416617788889,0.000229522391456049,42.4597375577778,0.0002717357824193,47.8181557477778,0.000219817166332853,51.3456919622222,0.000107655751479872,45.0395515122222,0.000137752336726938
26.1083912376667,0.00114013480726663,51.3463672411111,0.000115375475312209,44.2718662811111,0.000212527314754683,43.0728745622222,0.000279046506630025,48.5086706322222,0.000203667053413036,52.0871459977778,0.000100554349932509,45.6899421477778,0.000143982238686352
26.480040935,0.00102199332782065,52.0772763833333,9.81751553958824E-05,44.9020707833333,0.000184126431996161,43.6860115666667,0.000235815547845979,49.1991855166667,0.000199012685802288,52.8286000333333,7.46982558175897E-05,46.3403327833333,0.000139988378444555
26.8516906323333,0.000972518548450925,52.8081855255556,7.52420963630844E-05,45.5322752855556,0.000165917576953376,44.2991485711111,0.000193694602221511,49.8897004011111,0.000184511440396677,53.5700540688889,8.47730335340341E-05,46.9907234188889,0.000131464978896328
27.2233403296667,0.000911235035255229,53.5390946677778,9.69542888455857E-05,46.1624797877778,0.000148014916621036,44.9122855755556,0.000201596539507895,50.5802152855556,0.000183540072219069,54.3115081044444,8.73036385238626E-05,47.6411140544444,0.000114910169171732
27.594990027,0.000943321455575104,54.27000381,7.90120433976138E-05,46.79268429,0.000139215917979292,45.52542258,0.000168190524365024,51.27073017,0.000162270346713378,55.05296214,6.7632985041253E-05,48.29150469,8.78313562613875E-05
27.9666397243333,0.000915477138892725,55.0009129522222,7.6854814579847E-05,47.4228887922222,0.000128018480058241,46.1385595844444,0.000169354465689544,51.9612450544445,0.000129517646359024,55.7944161755556,5.9660125507956E-05,48.9418953255556,9.17187890593159E-05
28.3382894216667,0.000811775671465673,55.7318220944445,7.58962819578394E-05,48.0530932944445,0.000131200774745682,46.7516965888889,0.000148281892878996,52.6517599388889,0.00012539385382377,56.5358702111111,5.16136606065661E-05,49.5922859611111,0.000100231650801402
28.709939119,0.000780383552461722,56.4627312366667,6.16850964107868E-05,48.6832977966667,0.000120712687321281,47.3648335933333,0.000149926520838025,53.3422748233333,0.000114023157330459,57.2773242466667,4.90194901831928E-05,50.2426765966667,7.92570106397777E-05
29.0815888163333,0.00075650737323534,57.1936403788889,6.66927892411369E-05,49.3135022988889,0.000121518429928725,47.9779705977778,0.000114017671177564,54.0327897077778,0.000128727322800417,58.0187782822222,4.20867539849116E-05,50.8930672322222,8.40976338586821E-05
29.4532385136667,0.000682250585738833,57.9245495211111,5.33007024163266E-05,49.9437068011111,0.00011595397941623,48.5911076022222,0.000124221314042873,54.7233045922222,9.9154085692705E-05,58.7602323177778,4.06852529316355E-05,51.5434578677778,7.00267121107162E-05
29.824888211,0.000680341910795576,58.6554586633333,4.94563324201632E-05,50.5739113033333,8.78216167249678E-05,49.2042446066667,0.000100976739536242,55.4138194766667,9.3575127479921E-05,59.5016863533333,4.48915150780576E-05,52.1938485033333,4.38200784593602E-05
30.1965379083333,0.000651279587568649,59.3863678055556,3.00319634249127E-05,51.2041158055556,9.44956582263578E-05,49.8173816111111,9.29647235314968E-05,56.1043343611111,7.73248624953249E-05,60.2431403888889,4.56926546482241E-05,52.8442391388889,6.50781329412399E-05
30.5681876056667,0.000611697565700172,60.1172769477778,2.73173417694388E-05,51.8343203077778,9.52864320671138E-05,50.4305186155556,8.92956365889888E-05,56.7948492455556,9.49444565209419E-05,60.9845944244445,2.96149880553598E-05,53.4946297744444,6.36595678499879E-05
30.939837303,0.000586644377735514,60.84818609,2.65544269496107E-05,52.46452481,8.86883142570417E-05,51.04365562,6.76019401984507E-05,57.48536413,7.79168374455717E-05,61.72604846,2.36718850809056E-05,54.14502041,4.17337480045585E-05
31.3114870003333,0.000540910665422259,61.5790952322222,3.14707520997617E-05,53.0947293122222,7.62549250079155E-05,51.6567926244444,9.16053568081303E-05,58.1758790144445,7.84087366904661E-05,62.4675024955556,3.02636287200561E-05,54.7954110455555,4.26150260389277E-05
31.6831366976667,0.000517880362865661,62.3100043744445,3.99588936557766E-05,53.7249338144444,6.78951915043154E-05,52.2699296288889,7.74582494356645E-05,58.8663938988889,5.20175299340193E-05,63.2089565311111,3.06012652019469E-05,55.4458016811111,3.25537407788734E-05
32.054786395,0.000516329552059681,63.0409135166667,3.80895939204127E-05,54.3551383166667,6.78770883011147E-05,52.8830666333333,4.77987176168292E-05,59.5569087833333,5.26229108592622E-05,63.9504105666667,3.06698159321787E-05,56.0961923166667,2.59481867249033E-05
32.4264360923333,0.000484539076934843,63.7718226588889,2.20628958126044E-05,54.9853428188889,4.85114733706275E-05,53.4962036377778,5.9129572940728E-05,60.2474236677778,4.24175548245431E-05,64.6918646022222,1.86475095040873E-05,56.7465829522222,3.21732120821644E-05
32.7980857896667,0.000440632676472508,64.5027318011111,2.31146354736205E-05,55.6155473211111,4.67308979488062E-05,54.1093406422222,6.15018270020678E-05,60.9379385522222,3.94536297637884E-05,65.4333186377778,1.51072018959381E-05,57.3969735877778,2.79169570693841E-05
33.169735487,0.000444282902368763,65.2336409433333,2.80515268284666E-05,56.2457518233333,4.13752086459862E-05,54.7224776466667,5.30000009908542E-05,61.6284534366667,4.82089306762152E-05,66.1747726733333,1.89085625275501E-05,58.0473642233333,2.78452298811886E-05
33.5413851843333,0.000390367317017141,65.9645500855556,1.37569586796107E-05,56.8759563255556,3.16953961324691E-05,55.3356146511111,4.99934070153333E-05,62.3189683211111,3.32572788680703E-05,66.9162267088889,1.37684051746491E-05,58.6977548588889,1.65524800379895E-05
33.9130348816667,0.000396930176340985,66.6954592277778,1.91126592744238E-05,57.5061608277778,3.11460147482354E-05,55.9487516555556,2.9305498238228E-05,63.0094832055556,3.62978695921063E-05,67.6576807444444,2.97755346470037E-06,59.3481454944444,2.10124849215437E-05
34.284684579,0.000360840670035671,67.42636837,3.05078844531484E-05,58.13636533,3.57799890163618E-05,56.56188866,2.68292697219028E-05,63.69999809,4.09948092449524E-05,68.39913478,1.03554897092048E-05,59.99853613,2.71843058229765E-05
34.6563342763333,0.000349823913246024,68.1572775122222,1.30175514958303E-05,58.7665698322222,2.08619259440651E-05,57.1750256644444,3.09724315580945E-05,64.3905129744444,3.60890974087892E-05,69.1405888155556,1.65309141553912E-05,60.6489267655556,1.93097905303396E-05
35.0279839736667,0.000306013983843218,68.8881866544445,2.56112900472211E-05,59.3967743344445,2.64805630731669E-05,57.7881626688889,3.96908024431561E-05,65.0810278588889,2.93356391098854E-05,69.8820428511111,1.06939183847344E-05,61.2993174011111,1.25902729532824E-05
35.399633671,0.000307148638947734,69.6190957966667,2.87300838639432E-05,60.0269788366667,3.224905706834E-05,58.4012996733333,2.02729644264928E-05,65.7715427433333,2.87690559404656E-05,70.6234968866667,9.838104696398E-06,61.9497080366667,1.5974588122701E-05
35.7712833683333,0.000280663875770617,70.3500049388889,1.36342282653025E-05,60.6571833388889,2.80317680665953E-05,59.0144366777778,1.52220949166476E-05,66.4620576277778,2.60576126287547E-05,71.3649509222222,5.60376773827987E-06,62.6000986722222,7.82734412644971E-06
36.1429330656667,0.000271838884186172,71.0809140811111,1.48600313048175E-05,61.2873878411111,2.38612652227781E-05,59.6275736822222,2.64320126655604E-05,67.1525725122222,1.94971259292476E-05,72.1064049577778,1.09839364868922E-05,63.2504893077778,1.08707614481161E-05
36.514582763,0.000261794109548279,71.8118232233333,1.43873690642159E-05,61.9175923433333,1.29942846741664E-05,60.2407106866667,1.63835206413779E-05,67.8430873966667,2.50438156418267E-05,72.8478589933333,5.24897365607829E-06,63.9008799433333,1.45794733288764E-05
36.8862324603333,0.000270745951050955,72.5427323655556,3.68239340736485E-06,62.5477968455556,1.55183306444585E-05,60.8538476911111,1.33225716772427E-05,68.5336022811111,1.9690358380662E-05,73.5893130288889,4.43670190938992E-06,64.5512705788889,6.69946555188385E-06
37.2578821576667,0.000241075368688432,73.2736415077778,8.2341084212174E-06,63.1780013477778,2.10124052532123E-05,61.4669846955556,1.68020605475086E-05,69.2241171655556,1.28413683980284E-05,74.3307670644444,4.36925600677928E-06,65.2016612144444,1.39173063378252E-05
37.629531855,0.0002356412669804,74.00455065,9.55268543048887E-06,63.80820585,1.31094681464972E-05,62.0801217,1.64635405308455E-05,69.91463205,2.57968971208341E-05,75.0722211,3.77457319835053E-06,65.85205185,7.62119555893723E-06
38.0011815523333,0.000203292379756986,74.7354597922222,6.6884860577639E-06,64.4384103522222,2.42500157855132E-05,62.6932587044444,1.09542865063035E-05,70.6051469344444,6.63670005858945E-06,75.8136751355556,6.79503003818589E-06,66.5024424855555,1.12991107901103E-05
38.3728312496667,0.000192331705032563,75.4663689344445,5.50342767011395E-06,65.0686148544444,1.47626583157775E-05,63.3063957088889,1.10367037486613E-05,71.2956618188889,1.10247762311111E-05,76.5551291711111,2.53849617479855E-06,67.1528331211111,6.20856869267839E-06
38.744480947,0.000206586679913331,76.1972780766667,7.1031163211514E-06,65.6988193566667,1.3117971183734E-05,63.9195327133333,9.0987762005497E-06,71.9861767033333,1.3351869778042E-05,77.2965832066667,5.86740987899426E-06,67.8032237566667,4.47853692236878E-06
39.1161306443333,0.000170803132629444,76.9281872188889,5.00789339039198E-06,66.3290238588889,1.15984498606812E-05,64.5326697177778,1.29093833853778E-05,72.6766915877778,9.57428022853108E-06,78.0380372422222,2.37737332309365E-06,68.4536143922222,3.62909031405437E-06
39.4877803416667,0.000151578985341598,77.6590963611111,1.00690261277269E-06,66.9592283611111,1.16159097498629E-05,65.1458067222222,9.85971205298105E-06,73.3672064722222,5.05034194566376E-06,78.7794912777778,5.39934300754273E-07,69.1040050277778,5.39705718629659E-06
39.859430039,0.000147654973731017,78.3900055033333,9.85774373335357E-07,67.5894328633333,1.01868045796206E-05,65.7589437266667,2.87878703407251E-06,74.0577213566667,1.34560675698768E-05,79.5209453133333,9.29559761702323E-08,69.7543956633333,3.1099645017116E-06
40.2310797363333,0.000130067558133129,79.1209146455556,4.94539433389855E-06,68.2196373655556,9.30391946244411E-06,66.3720807311111,3.69117819187879E-06,74.7482362411111,6.62556263453573E-06,80.2623993488889,9.91438495493247E-07,70.4047862988889,6.43559200148E-06
40.6027294336667,0.000137241418270755,79.8518237877778,2.18007964341431E-06,68.8498418677778,6.57543187477521E-06,66.9852177355556,1.03221877691573E-05,75.4387511255556,3.43154615733312E-06,81.0038533844444,3.32744529610745E-06,71.0551769344444,2.8174762282988E-06
40.974379131,0.000125372611169222,80.58273293,3.5977306801401E-06,69.48004637,9.00160425230427E-06,67.59835474,1.37966262058913E-05,76.12926601,9.41326536848756E-06,81.74530742,2.25088352429403E-06,71.70556757,3.89184583302387E-06
41.3460288283333,0.000123974593344943,81.3136420722222,2.36049931332887E-06,70.1102508722222,7.315873507607E-06,68.2114917444444,2.97345450044578E-06,76.8197808944445,2.68839696579333E-06,82.4867614555556,9.65487767385092E-08,72.3559582055555,2.66133374583379E-06
41.7176785256667,9.89238362386941E-05,82.0445512144445,1.16731982073467E-06,70.7404553744444,5.86273597938774E-06,68.8246287488889,2.18859365503803E-06,77.5102957788889,4.62804354136904E-06,83.2282154911111,7.40785862433001E-07,73.0063488411111,1.42897755605393E-06
42.089328223,0.000109886261826629,82.7754603566667,1.42281965484485E-06,71.3706598766667,3.15937547885279E-06,69.4377657533333,5.96709314751836E-06,78.2008106633333,3.56298276443372E-06,83.9696695266667,3.04395495390746E-07,73.6567394766667,6.35617995975623E-07
42.4609779203333,9.99906265839703E-05,83.5063694988889,2.06905942105976E-06,72.0008643788889,4.65528513549547E-06,70.0509027577778,3.28868770579019E-06,78.8913255477778,2.43159151690901E-06,84.7111235622222,8.53001727963474E-08,74.3071301122222,2.26832011869583E-06
42.8326276176667,9.41978290580544E-05,84.2372786411111,6.41795845900026E-07,72.6310688811111,3.10225411772456E-06,70.6640397622222,6.15733016151168E-06,79.5818404322222,7.1607746034535E-06,85.4525775977778,5.46339393869751E-07,74.9575207477778,1.1683048207282E-06
43.204277315,7.37365713494299E-05,84.9681877833334,3.13849620947332E-08,73.2612733833333,2.74389164358465E-06,71.2771767666667,3.93903493968332E-06,80.2723553166667,1.12139278892293E-06,86.1940316333333,1.14958697511405E-07,75.6079113833333,1.00689464493559E-06
43.5759270123333,5.82978146342447E-05,85.6990969255556,0,73.8914778855556,3.02987772999087E-07,71.8903137711111,4.42484409390818E-06,80.9628702011111,1.84661608500799E-06,86.9354856688889,4.70507909994777E-07,76.2583020188889,1.01107005455546E-06
43.9475767096667,8.78676549459249E-05,86.4300060677778,5.07402888026647E-07,74.5216823877778,6.56358345161479E-07,72.5034507755556,0,81.6533850855556,5.61649212957822E-06,87.6769397044444,6.46191179956542E-07,76.9086926544444,1.06479497474976E-06
44.319226407,8.25707502693514E-05,87.16091521,5.53124529401028E-08,75.15188689,9.39693171749636E-07,73.11658778,1.79776069923038E-06,82.34389997,3.1349646265625E-06,88.41839374,0,77.55908329,1.3087274365356E-06
44.6908761043333,8.17463997054748E-05,87.8918243522222,1.17469649482289E-06,75.7820913922222,4.04204344270069E-06,73.7297247844444,3.66763809416362E-07,83.0344148544445,6.07024864595499E-07,89.1598477755555,3.77127595150195E-08,78.2094739255556,4.75679023463822E-08
45.0625258016667,5.26744437506961E-05,88.6227334944445,1.82339023997889E-06,76.4122958944445,1.84044161440635E-06,74.3428617888889,1.33586369535166E-07,83.7249297388889,5.44361234586352E-07,89.9013018111111,4.65854801436133E-07,78.8598645611111,8.27847421958522E-07
45.434175499,9.43300418699711E-05,89.3536426366667,9.37675145979146E-07,77.0425003966667,1.4022810070723E-06,74.9559987933333,2.22021243286377E-06,84.4154446233333,8.72284149415839E-07,90.6427558466667,0,79.5102551966667,1.28026662294693E-07
45.8058251963333,4.21940776502614E-05,90.0845517788889,5.93981652065972E-08,77.6727048988889,7.89677421857886E-07,75.5691357977778,3.58365018316059E-06,85.1059595077778,1.92681140658134E-06,91.3842098822222,0,80.1606458322222,8.28097474678746E-08
46.1774748936667,4.72927128675533E-05,90.8154609211111,1.80315168096648E-06,78.3029094011111,1.94786112715717E-06,76.1822728022222,7.88205775943625E-07,85.7964743922222,1.82340350931718E-06,92.1256639177778,0,80.8110364677778,1.34313612318351E-07
46.549124591,4.36819685962466E-05,91.5463700633334,5.13892318769388E-07,78.9331139033333,4.78200427751007E-07,76.7954098066667,1.77458764744747E-06,86.4869892766667,0,92.8671179533333,0,81.4614271033333,1.11030637112336E-07
46.9207742883333,6.30205985331798E-05,92.2772792055556,0,79.5633184055555,9.29589149044406E-08,77.4085468111111,9.22021327549442E-08,87.1775041611111,6.55284570272531E-08,93.6085719888889,0,82.1118177388889,9.2663554841743E-08
47.2924239856667,3.35988128249881E-05,93.0081883477778,0,80.1935229077778,2.78709624257561E-08,78.0216838155556,2.28927886950044E-06,87.8680190455556,1.42234971741553E-07,94.3500260244444,5.96463371680444E-08,82.7622083744445,3.32329744012432E-07
47.664073683,4.67277353970247E-05,93.73909749,0,80.82372741,4.37585807317764E-07,78.63482082,1.76002799772706E-06,88.55853393,4.7529730503784E-07,95.09148006,0,83.41259901,3.97145255503993E-07
48.0357233803333,3.00331484017981E-05,94.4700066322222,0,81.4539319122222,9.26580227156471E-08,79.2479578244444,3.77077255305438E-08,89.2490488144444,7.02032302710552E-07,95.8329340955556,0,84.0629896455556,3.63499378651744E-07
48.4073730776667,4.45440266846425E-05,95.2009157744445,0,82.0841364144445,5.92267124055458E-08,79.8610948288889,0,89.9395636988889,2.73643320214972E-06,96.5743881311111,5.88639437215523E-08,84.7133802811111,5.49371734321163E-08
48.779022775,4.97020341917649E-05,95.9318249166667,0,82.7143409166667,0,80.4742318333333,0,90.6300785833333,8.35538870251192E-08,97.3158421666667,0,85.3637709166667,9.29785842421416E-08
49.1506724723333,4.70693912403763E-05,96.6627340588889,0,83.3445454188889,0,81.0873688377778,0,91.3205934677778,0,98.0572962022222,0,86.0141615522222,3.77125395244756E-08
49.5223221696667,4.41021938715468E-05,97.3936432011111,0,83.9747499211111,0,81.7005058422222,0,92.0111083522222,0,98.7987502377778,0,86.6645521877778,0
49.893971867,4.17598363392669E-05,98.1245523433333,0,84.6049544233333,5.94030682195001E-08,82.3136428466666,5.94022533339609E-08,92.7016232366667,3.77215190591636E-08,99.5402042733333,0,87.3149428233333,0
50.2656215643333,4.49726529049081E-05,98.8554614855556,0,85.2351589255555,4.65166433628065E-07,82.9267798511111,0,93.3921381211111,5.92267124055458E-08,100.281658308889,0,87.9653334588889,5.94050498143984E-08
50.6372712616667,3.85035049135641E-05,99.5863706277778,0,85.8653634277778,0,83.5399168555555,0,94.0826530055556,0,101.023112344444,0,88.6157240944444,5.93986873292842E-08
51.008920959,4.22952397272762E-05,100.31727977,0,86.49556793,5.88665208011866E-08,84.15305386,0,94.77316789,1.76548613406373E-06,101.76456638,0,89.26611473,0
51.3805706563333,2.7281584601265E-05,101.048188912222,0,87.1257724322222,0,84.7661908644444,0,95.4636827744445,0,102.506020415556,0,89.9165053655556,0
51.7522203536667,1.59825906225932E-05,101.779098054444,0,87.7559769344444,0,85.3793278688889,0,96.1541976588889,5.94030682195001E-08,103.247474451111,0,90.5668960011111,0
52.123870051,2.32965016286874E-05,102.510007196667,0,88.3861814366667,5.93981652065972E-08,85.9924648733333,0,96.8447125433333,0,103.988928486667,0,91.2172866366667,0
52.4955197483333,2.84014776644266E-05,103.240916338889,0,89.0163859388889,0,86.6056018777778,0,97.5352274277778,0,104.730382522222,0,91.8676772722222,5.93999223501494E-08
52.8671694456667,1.20652065095408E-05,103.971825481111,0,89.6465904411111,0,87.2187388822222,0,98.2257423122222,5.89008655630071E-08,105.471836557778,0,92.5180679077778,0
53.238819143,2.77512400044697E-05,104.702734623333,0,90.2767949433333,5.89008655630071E-08,87.8318758866667,0,98.9162571966667,0,106.213290593333,0,93.1684585433333,0
53.6104688403333,1.43167579655034E-05,105.433643765556,0,90.9069994455556,0,88.4450128911111,0,99.6067720811111,0,106.954744628889,0,93.8188491788889,0
53.9821185376667,1.58128356712817E-05,106.164552907778,0,91.5372039477778,0,89.0581498955556,0,100.297286965556,0,107.696198664444,0,94.4692398144444,0
54.353768235,1.8706324144264E-05,106.89546205,0,92.16740845,0,89.6712869,0,100.98780185,0,108.4376527,0,95.11963045,0
54.7254179323333,1.44058844217147E-05,107.626371192222,0,92.7976129522222,0,90.2844239044444,0,101.678316734445,0,109.179106735556,0,95.7700210855555,0
55.0970676296667,1.49239874810495E-05,108.357280334444,0,93.4278174544444,0,90.8975609088889,0,102.368831618889,0,109.920560771111,0,96.4204117211111,0
55.468717327,1.26637246845327E-05,109.088189476667,0,94.0580219566667,0,91.5106979133333,0,103.059346503333,0,110.662014806667,0,97.0708023566666,0
55.8403670243333,2.23853812749089E-05,109.819098618889,0,94.6882264588889,0,92.1238349177778,0,103.749861387778,0,111.403468842222,0,97.7211929922222,0
56.2120167216667,1.21420435769611E-05,110.550007761111,0,95.3184309611111,0,92.7369719222222,0,104.440376272222,0,112.144922877778,0,98.3715836277778,0
56.583666419,1.60113542580602E-05,111.280916903333,0,95.9486354633333,0,93.3501089266667,0,105.130891156667,0,112.886376913333,0,99.0219742633333,0
56.9553161163333,1.15086558227359E-05,112.011826045556,0,96.5788399655556,0,93.9632459311111,0,105.821406041111,0,113.627830948889,0,99.6723648988889,0
57.3269658136667,1.04331436159879E-05,112.742735187778,0,97.2090444677778,0,94.5763829355556,0,106.511920925556,0,114.369284984444,0,100.322755534444,0
57.698615511,3.61831920982756E-06,113.47364433,0,97.83924897,0,95.18951994,0,107.20243581,0,115.11073902,0,100.97314617,0
58.0702652083333,1.33402000469867E-05,114.204553472222,0,98.4694534722222,0,95.8026569444444,0,107.892950694444,0,115.852193055556,0,101.623536805556,0
58.4419149056667,1.12930394918331E-05,114.935462614445,0,99.0996579744445,0,96.4157939488889,0,108.583465578889,0,116.593647091111,0,102.273927441111,0
58.813564603,1.39688956281783E-05,115.666371756667,0,99.7298624766667,0,97.0289309533333,0,109.273980463333,0,117.335101126667,0,102.924318076667,0
59.1852143003333,7.39508769175077E-06,116.397280898889,0,100.360066978889,0,97.6420679577778,0,109.964495347778,0,118.076555162222,0,103.574708712222,0
59.5568639976667,1.43380546691266E-05,117.128190041111,0,100.990271481111,0,98.2552049622222,0,110.655010232222,0,118.818009197778,0,104.225099347778,0
59.928513695,1.0549252846907E-05,117.859099183333,0,101.620475983333,0,98.8683419666667,0,111.345525116667,0,119.559463233333,0,104.875489983333,0
60.3001633923333,5.12873048020746E-06,118.590008325556,0,102.250680485556,0,99.4814789711111,0,112.036040001111,0,120.300917268889,0,105.525880618889,0
60.6718130896667,4.52008122066602E-06,119.320917467778,0,102.880884987778,0,100.094615975556,0,112.726554885556,0,121.042371304444,0,106.176271254444,0
61.043462787,7.95274366715775E-06,120.05182661,0,103.51108949,0,100.70775298,0,113.41706977,0,121.78382534,0,106.82666189,0
61.4151124843333,3.64362499969834E-06,120.782735752222,0,104.141293992222,0,101.320889984444,0,114.107584654444,0,122.525279375556,0,107.477052525556,0
61.7867621816667,3.4089784434323E-06,121.513644894445,0,104.771498494444,0,101.934026988889,0,114.798099538889,0,123.266733411111,0,108.127443161111,0
62.158411879,6.82793631122922E-06,122.244554036667,0,105.401702996667,0,102.547163993333,0,115.488614423333,0,124.008187446667,0,108.777833796667,0
62.5300615763333,1.78588190486321E-06,122.975463178889,0,106.031907498889,0,103.160300997778,0,116.179129307778,0,124.749641482222,0,109.428224432222,0
62.9017112736667,1.75990270061226E-06,123.706372321111,0,106.662112001111,0,103.773438002222,0,116.869644192222,0,125.491095517778,0,110.078615067778,0
63.273360971,3.60264277490851E-06,124.437281463333,0,107.292316503333,0,104.386575006667,0,117.560159076667,0,126.232549553333,0,110.729005703333,0
63.6450106683333,3.51726358530715E-06,125.168190605556,0,107.922521005556,0,104.999712011111,0,118.250673961111,0,126.974003588889,0,111.379396338889,0
64.0166603656667,4.16132388786166E-08,125.899099747778,0,108.552725507778,0,105.612849015556,0,118.941188845556,0,127.715457624444,0,112.029786974444,0
64.388310063,3.77077255305438E-08,126.63000889,0,109.18293001,0,106.22598602,0,119.63170373,0,128.45691166,0,112.68017761,0
64.7599597603333,0,127.360918032222,0,109.813134512222,0,106.839123024444,0,120.322218614444,0,129.198365695556,0,113.330568245556,0
65.1316094576667,0,128.091827174445,0,110.443339014444,0,107.452260028889,0,121.012733498889,0,129.939819731111,0,113.980958881111,0
65.503259155,5.26098289091567E-06,128.822736316667,0,111.073543516667,0,108.065397033333,0,121.703248383333,0,130.681273766667,0,114.631349516667,0
65.8749088523333,0,129.553645458889,0,111.703748018889,0,108.678534037778,0,122.393763267778,0,131.422727802222,0,115.281740152222,0
66.2465585496667,3.7697469926799E-08,130.284554601111,0,112.333952521111,0,109.291671042222,0,123.084278152222,0,132.164181837778,0,115.932130787778,0
66.618208247,1.78022500452806E-06,131.015463743333,0,112.964157023333,0,109.904808046667,0,123.774793036667,0,132.905635873333,0,116.582521423333,0
66.9898579443333,6.43279167171414E-08,131.746372885556,0,113.594361525556,0,110.517945051111,0,124.465307921111,0,133.647089908889,0,117.232912058889,0
67.3615076416667,5.57164012700362E-08,132.477282027778,0,114.224566027778,0,111.131082055556,0,125.155822805556,0,134.388543944445,0,117.883302694444,0
67.733157339,0,133.20819117,0,114.85477053,0,111.74421906,0,125.84633769,0,135.12999798,0,118.53369333,0
68.1048070363333,0,133.939100312222,0,115.484975032222,0,112.357356064444,0,126.536852574445,0,135.871452015556,0,119.184083965556,0
68.4764567336667,2.07561373471531E-06,134.670009454444,5.53877961838294E-07,116.115179534444,0,112.970493068889,0,127.227367458889,0,136.612906051111,0,119.834474601111,0
68.848106431,0,135.400918596667,0,116.745384036667,0,113.583630073333,0,127.917882343333,0,137.354360086667,0,120.484865236667,0
69.2197561283333,0,136.131827738889,0,117.375588538889,0,114.196767077778,0,128.608397227778,0,138.095814122222,0,121.135255872222,0
69.5914058256667,1.68421532790381E-06,136.862736881111,0,118.005793041111,0,114.809904082222,0,129.298912112222,0,138.837268157778,0,121.785646507778,0
69.963055523,1.74326208974171E-06,137.593646023333,0,118.635997543333,0,115.423041086667,0,129.989426996667,0,139.578722193333,0,122.436037143333,0
70.3347052203333,0,138.324555165556,0,119.266202045556,0,116.036178091111,0,130.679941881111,0,140.320176228889,0,123.086427778889,0
70.7063549176667,0,139.055464307778,0,119.896406547778,0,116.649315095556,0,131.370456765556,0,141.061630264445,0,123.736818414444,0
71.078004615,0,139.78637345,0,120.52661105,0,117.2624521,0,132.06097165,0,141.8030843,0,124.38720905,0
71.4496543123333,0,140.517282592222,0,121.156815552222,0,117.875589104444,0,132.751486534444,0,142.544538335556,0,125.037599685556,0
71.8213040096667,0,141.248191734444,0,121.787020054444,0,118.488726108889,0,133.442001418889,0,143.285992371111,0,125.687990321111,0
72.192953707,0,141.979100876667,0,122.417224556667,0,119.101863113333,0,134.132516303333,0,144.027446406667,0,126.338380956667,0
72.5646034043333,0,142.710010018889,0,123.047429058889,0,119.715000117778,0,134.823031187778,0,144.768900442222,0,126.988771592222,0
72.9362531016667,1.81318350136287E-06,143.440919161111,0,123.677633561111,0,120.328137122222,0,135.513546072222,0,145.510354477778,0,127.639162227778,0
73.307902799,1.72023598403868E-06,144.171828303333,0,124.307838063333,0,120.941274126667,0,136.204060956667,0,146.251808513333,0,128.289552863333,0
73.6795524963333,0,144.902737445556,0,124.938042565556,5.53877961838294E-07,121.554411131111,0,136.894575841111,0,146.993262548889,0,128.939943498889,0
74.0512021936667,0,145.633646587778,0,125.568247067778,0,122.167548135555,0,137.585090725556,0,147.734716584445,0,129.590334134445,0
74.422851891,0,146.36455573,0,126.19845157,0,122.78068514,0,138.27560561,0,148.47617062,0,130.24072477,0
74.7945015883333,0,147.095464872222,0,126.828656072222,0,123.393822144444,0,138.966120494445,0,149.217624655556,0,130.891115405556,0
75.1661512856667,0,147.826374014444,0,127.458860574444,0,124.006959148889,0,139.656635378889,0,149.959078691111,0,131.541506041111,0
75.537800983,0,148.557283156667,0,128.089065076667,0,124.620096153333,0,140.347150263333,0,150.700532726667,0,132.191896676667,0
75.9094506803333,0,149.288192298889,0,128.719269578889,0,125.233233157778,0,141.037665147778,0,151.441986762222,0,132.842287312222,0
76.2811003776667,0,150.019101441111,0,129.349474081111,0,125.846370162222,0,141.728180032222,0,152.183440797778,0,133.492677947778,0
76.652750075,0,150.750010583333,0,129.979678583333,0,126.459507166667,0,142.418694916667,0,152.924894833333,0,134.143068583333,0
77.0243997723333,0,151.480919725556,0,130.609883085555,0,127.072644171111,0,143.109209801111,0,153.666348868889,0,134.793459218889,0
77.3960494696667,0,152.211828867778,0,131.240087587778,0,127.685781175556,0,143.799724685556,0,154.407802904444,0,135.443849854444,0
77.767699167,0,152.94273801,0,131.87029209,0,128.29891818,0,144.49023957,0,155.14925694,0,136.09424049,0
78.1393488643333,0,153.673647152222,0,132.500496592222,0,128.912055184444,0,145.180754454444,0,155.890710975556,0,136.744631125555,0
78.5109985616667,5.53111383828895E-08,154.404556294444,0,133.130701094444,0,129.525192188889,0,145.871269338889,0,156.632165011111,0,137.395021761111,0
78.882648259,5.65321188674264E-07,155.135465436667,0,133.760905596667,0,130.138329193333,0,146.561784223333,0,157.373619046667,0,138.045412396667,0
79.2542979563333,1.69221831576157E-06,155.866374578889,0,134.391110098889,0,130.751466197778,0,147.252299107778,0,158.115073082222,0,138.695803032222,0
79.6259476536667,0,156.597283721111,0,135.021314601111,0,131.364603202222,0,147.942813992222,0,158.856527117778,0,139.346193667778,0
79.997597351,0,157.328192863333,0,135.651519103333,0,131.977740206667,0,148.633328876667,0,159.597981153333,0,139.996584303333,0
80.3692470483333,0,158.059102005556,0,136.281723605556,0,132.590877211111,0,149.323843761111,0,160.339435188889,0,140.646974938889,0
80.7408967456667,0,158.790011147778,0,136.911928107778,0,133.204014215556,0,150.014358645556,0,161.080889224445,0,141.297365574444,0
81.112546443,0,159.52092029,0,137.54213261,0,133.81715122,0,150.70487353,0,161.82234326,0,141.94775621,0
81.4841961403333,0,160.251829432222,0,138.172337112222,0,134.430288224444,0,151.395388414445,0,162.563797295556,0,142.598146845556,0
81.8558458376667,0,160.982738574445,0,138.802541614444,0,135.043425228889,0,152.085903298889,0,163.305251331111,0,143.248537481111,0
82.227495535,0,161.713647716667,0,139.432746116667,0,135.656562233333,0,152.776418183333,0,164.046705366667,0,143.898928116667,0
82.5991452323333,0,162.444556858889,0,140.062950618889,0,136.269699237778,0,153.466933067778,0,164.788159402222,0,144.549318752222,5.65331720378997E-07
82.9707949296667,0,163.175466001111,0,140.693155121111,0,136.882836242222,0,154.157447952222,0,165.529613437778,0,145.199709387778,0
83.342444627,0,163.906375143333,0,141.323359623333,0,137.495973246667,0,154.847962836667,0,166.271067473333,0,145.850100023333,0
