steady_aveTw,steady_areaFraction,sine_1_aveTw,sine_1_areaFraction,sine_4_aveTw,sine_4_areaFraction,sine_8_aveTw,sine_8_areaFraction,square_1_aveTw,square_1_areaFraction,square_4_aveTw,square_4_areaFraction,square_8_aveTw,square_8_areaFraction
0.0933683324444444,0.0235220319875412,0.0793472236666667,0.0148516645462115,0.0769189832222222,0.0134269256557801,0.0706685664444444,0.0123288580070655,0.0876047167777778,0.0142246474986586,0.0907646803333333,0.0132033592530172,0.0927385115555556,0.011798761011713
0.466841662222222,0.0157808504420002,0.396736118333333,0.0113001690685975,0.384594916111111,0.0112506668943856,0.353342832222222,0.0107388171963318,0.438023583888889,0.0115610667265607,0.453823401666667,0.0111750837396983,0.463692557777778,0.0110237110669582
0.840314992,0.0122860125027585,0.714125013,0.00863635667590854,0.692270849,0.00858778132844528,0.636017098,0.00779350685203262,0.788442451,0.00907703135022063,0.816882123,0.00922356478280424,0.834646604,0.00901970182087282
1.21378832177778,0.0113080381751363,1.03151390766667,0.00786085952135581,0.999946781888889,0.00803497928835085,0.918691363777778,0.00749571781019685,1.13886131811111,0.00821888256299962,1.17994084433333,0.00855434449031999,1.20560065022222,0.0084868472318787
1.58726165155556,0.0108040648265702,1.34890280233333,0.00778864083517362,1.30762271477778,0.00734522285870817,1.20136562955556,0.00700483958512788,1.48928018522222,0.00743867912297185,1.54299956566667,0.00797761194678528,1.57655469644444,0.00793718148945865
1.96073498133333,0.0106513795360617,1.666291697,0.00709604377147853,1.61529864766667,0.00715375351168765,1.48403989533333,0.00654851095655035,1.83969905233333,0.00714834241028081,1.906058287,0.00752870586885628,1.94750874266667,0.00723289224769465
2.33420831111111,0.0109596681502615,1.98368059166667,0.00675057633204218,1.92297458055556,0.00671516427503194,1.76671416111111,0.00630858945897183,2.19011791944444,0.00687135240310567,2.26911700833333,0.00700618155767485,2.31846278888889,0.00746167130808579
2.70768164088889,0.0109501154745807,2.30106948633333,0.00680840397768924,2.23065051344444,0.00617370385114049,2.04938842688889,0.00628706474905772,2.54053678655555,0.0068646644815289,2.63217572966667,0.00725831701536003,2.68941683511111,0.00736703739383633
3.08115497066667,0.0105535520711868,2.618458381,0.00643569053475854,2.53832644633333,0.00620073803556628,2.33206269266667,0.00571729597522174,2.89095565366667,0.00694490543057826,2.995234451,0.00722691490861568,3.06037088133333,0.00697968652608185
3.45462830044444,0.0111085250203957,2.93584727566667,0.0063365843555231,2.84600237922222,0.00629106323539455,2.61473695844444,0.00555567818325994,3.24137452077778,0.00711799057170176,3.35829317233333,0.00686631072383652,3.43132492755556,0.00687625647380258
3.82810163022222,0.0120655745252584,3.25323617033333,0.00692633909099257,3.15367831211111,0.00619128709051247,2.89741122422222,0.00559564983367796,3.59179338788889,0.00788931922755271,3.72135189366667,0.00786252140250522,3.80227897377778,0.00720616354793543
4.20157496,0.0119950885888342,3.570625065,0.0072454483867065,3.461354245,0.00630490050926433,3.18008549,0.00579279480718743,3.942212255,0.00805054303634408,4.084410615,0.0089058035254088,4.17323302,0.00929261512534644
4.57504828977778,0.0114653810684812,3.88801395966667,0.00761543838912231,3.76903017788889,0.0067739660856431,3.46275975577778,0.00581195032260533,4.29263112211111,0.00859272153798549,4.44746933633333,0.00846343564640388,4.54418706622222,0.00933622786726269
4.94852161955556,0.012140924084317,4.20540285433333,0.00835543751940308,4.07670611077778,0.00769905060023118,3.74543402155556,0.00596343752654349,4.64304998922222,0.00899776515030604,4.81052805766667,0.0100161861004329,4.91514111244445,0.0097369544015754
5.32199494933333,0.0122397881943423,4.522791749,0.008669648578205,4.38438204366667,0.00788169931520608,4.02810828733333,0.00714080467045863,4.99346885633333,0.00961063275056539,5.173586779,0.0106881668626612,5.28609515866667,0.011776728894247
5.69546827911111,0.0125878511497063,4.84018064366667,0.00971463705795467,4.69205797655556,0.00936551274735662,4.31078255311111,0.00727656367167667,5.34388772344444,0.0117944980087711,5.53664550033333,0.0119019820302685,5.65704920488889,0.0133048309789723
6.06894160888889,0.0128795252073165,5.15756953833333,0.0110499655589647,4.99973390944444,0.00992207707367281,4.59345681888889,0.00845032452658372,5.69430659055556,0.0127523513801907,5.89970422166667,0.0140881649704869,6.02800325111111,0.0134869659218648
6.44241493866667,0.0118467678546023,5.474958433,0.0120806970086484,5.30740984233333,0.0110987788171884,4.87613108466667,0.00929450036003552,6.04472545766667,0.0131743450396211,6.262762943,0.0155322298890679,6.39895729733333,0.0142161873180061
6.81588826844444,0.0141554956132183,5.79234732766667,0.0137113340829545,5.61508577522222,0.0121901723160738,5.15880535044445,0.00984068653853599,6.39514432477778,0.0165929364527634,6.62582166433333,0.0153809880806587,6.76991134355556,0.0150553194877247
7.18936159822222,0.0124445284724613,6.10973622233333,0.015412324695093,5.92276170811111,0.0144142598279361,5.44147961622222,0.0113586589341824,6.74556319188889,0.0143053791848133,6.98888038566667,0.0146879209561545,7.14086538977778,0.0159540757438709
7.562834928,0.0118623494547688,6.427125117,0.0131065948918641,6.230437641,0.0146773285867612,5.724153882,0.0135368484198994,7.095982059,0.0136855850126519,7.351939107,0.0149533197615783,7.511819436,0.0148690009406679
7.93630825777778,0.0119813438455241,6.74451401166667,0.0123941280610324,6.53811357388889,0.0136463690645779,6.00682814777778,0.0120895186892682,7.44640092611111,0.0136545695801959,7.71499782833333,0.0140278977149488,7.88277348222222,0.0150877185226442
8.30978158755556,0.0118406391349161,7.06190290633333,0.0146129191048905,6.84578950677778,0.012825927033632,6.28950241355556,0.0140963922125674,7.79681979322222,0.0124104692915917,8.07805654966667,0.0133439813573514,8.25372752844444,0.0141573273599411
8.68325491733333,0.0113975116314519,7.379291801,0.0120422755311415,7.15346543966667,0.012707480441139,6.57217667933333,0.0113952957795862,8.14723866033333,0.0132140857139537,8.441115271,0.0142175431839199,8.62468157466667,0.0133359491544195
9.05672824711111,0.0103726610706986,7.69668069566667,0.0134277665260964,7.46114137255556,0.0115618937928425,6.85485094511111,0.0117801918758114,8.49765752744444,0.0133458767351242,8.80417399233333,0.0124775922380766,8.99563562088889,0.0133973228757784
9.43020157688889,0.00971790194357603,8.01406959033333,0.0130266544149177,7.76881730544445,0.0120145497327012,7.13752521088889,0.0115621009409738,8.84807639455556,0.0131006670468858,9.16723271366667,0.0133369767166465,9.36658966711111,0.0139528940403972
9.80367490666667,0.00951708858340889,8.331458485,0.0124039070463694,8.07649323833333,0.0116596884421804,7.42019947666667,0.0113878625265101,9.19849526166667,0.0121925188366955,9.530291435,0.0125960506926001,9.73754371333333,0.0134178944081019
10.1771482364444,0.0093148393824287,8.64884737966667,0.0128602193810033,8.38416917122222,0.0113227803749049,7.70287374244444,0.0100793475134059,9.54891412877778,0.0117847648492147,9.89335015633333,0.0120067661303059,10.1084977595555,0.0137756817536373
10.5506215662222,0.00799858113577883,8.96623627433333,0.010923892067569,8.69184510411111,0.0124913419510918,7.98554800822222,0.0109215855134356,9.89933299588889,0.0115009915201928,10.2564088776667,0.011426098875371,10.4794518057778,0.0123946390649666
10.924094896,0.00809821555712726,9.283625169,0.0106388458243466,8.999521037,0.0113009957904925,8.268222274,0.0100157508615344,10.249751863,0.0105793542325817,10.619467599,0.0106516166553934,10.850405852,0.0110021072122076
11.2975682257778,0.00700025280603212,9.60101406366667,0.0104229561420423,9.30719696988889,0.0107178088464123,8.55089653977778,0.0114567674079839,10.6001707301111,0.00968680966530595,10.9825263203333,0.0092376084014962,11.2213598982222,0.00990009568794865
11.6710415555556,0.00667025648077281,9.91840295833333,0.00947781823913229,9.61487290277778,0.0111781614573793,8.83357080555555,0.0108864747928415,10.9505895972222,0.00920286185049283,11.3455850416667,0.00877828681184693,11.5923139444444,0.00855461158119101
12.0445148853333,0.00682971925265319,10.235791853,0.00785579480739646,9.92254883566667,0.00950374326519333,9.11624507133333,0.0115765396513866,11.3010084643333,0.00762458967969818,11.708643763,0.00794624405563688,11.9632679906667,0.00757442785563983
12.4179882151111,0.00644666979901863,10.5531807476667,0.00752712224803969,10.2302247685556,0.00862063436275739,9.39891933711111,0.0109789701930207,11.6514273314444,0.00765893522773095,12.0717024843333,0.00762998160043431,12.3342220368889,0.00741172561182909
12.7914615448889,0.00593055054038009,10.8705696423333,0.00684881828010316,10.5379007014445,0.00694678864055232,9.68159360288889,0.00962351196316323,12.0018461985556,0.00732025974795275,12.4347612056667,0.00711127372849244,12.7051760831111,0.0073561127374674
13.1649348746667,0.00535916520666952,11.187958537,0.00691979932446361,10.8455766343333,0.00776940552274641,9.96426786866667,0.00944682569697565,12.3522650656667,0.00681527038190974,12.797819927,0.00689566815694578,13.0761301293333,0.00656960140270323
13.5384082044444,0.00556200260404015,11.5053474316667,0.00609325981665411,11.1532525672222,0.00663222252607198,10.2469421344445,0.00841060846741452,12.7026839327778,0.0063571480167296,13.1608786483333,0.00661766417970578,13.4470841755556,0.00612938182532957
13.9118815342222,0.00507656106332423,11.8227363263333,0.00641259367129601,11.4609285001111,0.00683566907455774,10.5296164002222,0.00701526010376572,13.0531027998889,0.00635784274581582,13.5239373696667,0.00645463199153524,13.8180382217778,0.0061049805139394
14.285354864,0.00487849488966327,12.140125221,0.0064976250197765,11.768604433,0.00607338372075821,10.812290666,0.00696785140522616,13.403521667,0.00612082332868122,13.886996091,0.00622880469697787,14.188992268,0.00550373252954406
14.6588281937778,0.00474878494767656,12.4575141156667,0.0056256658729856,12.0762803658889,0.00580860823798917,11.0949649317778,0.0066458517536761,13.7539405341111,0.00618399284280795,14.2500548123333,0.00578841308512015,14.5599463142222,0.00526709673825689
15.0323015235556,0.00458098065446605,12.7749030103333,0.00600967181967817,12.3839562987778,0.00615270836781823,11.3776391975556,0.00546940330707042,14.1043594012222,0.00573434185569851,14.6131135336667,0.00517952609247818,14.9309003604444,0.0049596356246138
15.4057748533333,0.00463483356162929,13.092291905,0.00543713617841311,12.6916322316667,0.00552929914879698,11.6603134633333,0.00549262340608847,14.4547782683333,0.00520876847195345,14.976172255,0.00514669958803459,15.3018544066667,0.00468083228917491
15.7792481831111,0.00426305801163462,13.4096807996667,0.00504767271787353,12.9993081645556,0.00521421635696767,11.9429877291111,0.00566882173258995,14.8051971354444,0.00520626004749012,15.3392309763333,0.0045589611864695,15.6728084528889,0.004363746917899
16.1527215128889,0.00392425354692791,13.7270696943333,0.00521938663631876,13.3069840974445,0.00493768083353314,12.2256619948889,0.0049729416598273,15.1556160025556,0.00475131466792356,15.7022896976667,0.00430048858514261,16.0437624991111,0.00405500413876246
16.5261948426667,0.00367305118647311,14.044458589,0.00471793551953676,13.6146600303333,0.00482964206972368,12.5083362606667,0.0047577314459314,15.5060348696667,0.00408719625621382,16.065348419,0.00396268806801016,16.4147165453333,0.003779865571339
16.8996681724444,0.00358438539856464,14.3618474836667,0.00473609461357506,13.9223359632222,0.00484761869323521,12.7910105264445,0.004607272504548,15.8564537367778,0.0039301759545315,16.4284071403333,0.00381482242649735,16.7856705915556,0.00357444647113567
17.2731415022222,0.00337569731634354,14.6792363783333,0.00429000344340691,14.2300118961111,0.00426289237074635,13.0736847922222,0.00460895146507581,16.2068726038889,0.00371526654194362,16.7914658616667,0.0035243610122366,17.1566246377778,0.0033710584047529
17.646614832,0.00305512746139358,14.996625273,0.00410859094679288,14.537687829,0.00395754392659001,13.356359058,0.00403420034008071,16.557291471,0.00348438631477972,17.154524583,0.00329895934317053,17.527578684,0.00304129876491115
18.0200881617778,0.00293688622431591,15.3140141676667,0.00377537650123014,14.8453637618889,0.00383620705451401,13.6390333237778,0.0043270619775879,16.9077103381111,0.00315901069030448,17.5175833043333,0.00306949229415166,17.8985327302222,0.00290300125292735
18.3935614915555,0.00300888533092752,15.6314030623333,0.00339577253369636,15.1530396947778,0.00376901111018297,13.9217075895556,0.00394715468661162,17.2581292052222,0.00317605797599174,17.8806420256667,0.00280797815080834,18.2694867764444,0.00272973889007172
18.7670348213333,0.00289618589789614,15.948791957,0.00341254647494231,15.4607156276667,0.00337641382793095,14.2043818553333,0.00378022228928172,17.6085480723333,0.0028386391502857,18.243700747,0.00254807430561822,18.6404408226667,0.0024988028622839
19.1405081511111,0.00267668736510821,16.2661808516667,0.0030142581702775,15.7683915605556,0.00318883013483652,14.4870561211111,0.00361741652538128,17.9589669394444,0.00272575292786708,18.6067594683333,0.00250750300379904,19.0113948688889,0.0023588252503896
19.5139814808889,0.002613855550499,16.5835697463333,0.00276962781166267,16.0760674934444,0.00307079111174641,14.7697303868889,0.00345398754204552,18.3093858065556,0.00238851418793763,18.9698181896667,0.00230821190128242,19.3823489151111,0.00227533504065193
19.8874548106667,0.00237391077201366,16.900958641,0.00269952615701464,16.3837434263333,0.00283091539043603,15.0524046526667,0.00327551258163113,18.6598046736667,0.00230994893010639,19.332876911,0.00227012454355151,19.7533029613333,0.00216613340866047
20.2609281404444,0.002359642024999,17.2183475356667,0.00242828137129358,16.6914193592222,0.00279158728947153,15.3350789184444,0.00309506917412145,19.0102235407778,0.00216795362627404,19.6959356323333,0.00209898601754809,20.1242570075556,0.00203303035337975
20.6344014702222,0.00219361574038743,17.5357364303333,0.00238003832333909,16.9990952921111,0.00260370450697115,15.6177531842222,0.00297427665306284,19.3606424078889,0.00212432766735746,20.0589943536667,0.00194133472825786,20.4952110537778,0.0019651095794266
21.0078748,0.00219685232990902,17.853125325,0.00229206766536922,17.306771225,0.00249093851233228,15.90042745,0.0028819924063823,19.711061275,0.00206241895086635,20.422053075,0.0019044228714053,20.8661651,0.0018593342303676
21.3813481297778,0.00210601126055524,18.1705142196667,0.00211167448798474,17.6144471578889,0.00236773229942604,16.1831017157778,0.0027942819150543,20.0614801421111,0.00200545386443071,20.7851117963333,0.001851362377814,21.2371191462222,0.00187095050497706
21.7548214595555,0.00190110158492259,18.4879031143333,0.0020323040001552,17.9221230907778,0.00215739215012978,16.4657759815556,0.00265199429552751,20.4118990092222,0.00184312096426155,21.1481705176667,0.00174508457874296,21.6080731924445,0.00176005097775432
22.1282947893333,0.00177733558778367,18.805292009,0.00199002237026624,18.2297990236667,0.00202406177060836,16.7484502473333,0.00252081440109812,20.7623178763333,0.00175743006377352,21.511229239,0.00169194369571312,21.9790272386667,0.00167296600904905
22.5017681191111,0.00175919774307951,19.1226809036667,0.00188781524496722,18.5374749565556,0.00199558127132178,17.0311245131111,0.00253824041720539,21.1127367434444,0.001681810026149,21.8742879603333,0.00163919726129531,22.3499812848889,0.00169593344925251
22.8752414488889,0.00160356015490457,19.4400697983333,0.001819061399435,18.8451508894444,0.00196572013671221,17.3137987788889,0.00240215737039448,21.4631556105556,0.00162682496916831,22.2373466816667,0.00150926544211014,22.7209353311111,0.00157061962954718
23.2487147786667,0.0015053804049714,19.757458693,0.00176334935165535,19.1528268223333,0.00188279797443922,17.5964730446667,0.00231398461770384,21.8135744776667,0.00154842453956861,22.600405403,0.00145894200528721,23.0918893773333,0.00144200618684388
23.6221881084444,0.00147045733028838,20.0748475876667,0.00165685510406629,19.4605027552222,0.00175451832524072,17.8791473104444,0.00217059920321769,22.1639933447778,0.00144488412171165,22.9634641243333,0.00143319975924994,23.4628434235556,0.00139468055593356
23.9956614382222,0.00138298692434283,20.3922364823333,0.00157439763181991,19.7681786881111,0.00167167101426394,18.1618215762222,0.00214730647377748,22.5144122118889,0.00135588300936955,23.3265228456667,0.00135239832149572,23.8337974697778,0.00131469179129348
24.369134768,0.00136783645402997,20.709625377,0.00152257329289325,20.075854621,0.00162021892433175,18.444495842,0.00201329043499206,22.864831079,0.00130201371061146,23.689581567,0.00131193321781058,24.204751516,0.00136357584972325
24.7426080977778,0.00142650029747353,21.0270142716667,0.00152139967176759,20.3835305538889,0.0015308538242966,18.7271701077778,0.00194037679316865,23.2152499461111,0.00133294879459741,24.0526402883333,0.00127432103372388,24.5757055622222,0.0012989819928476
25.1160814275556,0.00122683185402258,21.3444031663333,0.00138671887394429,20.6912064867778,0.00148389714906596,19.0098443735555,0.00193700466158186,23.5656688132222,0.00128005061982809,24.4156990096667,0.00117663099987631,24.9466596084444,0.00123530597064064
25.4895547573333,0.00121746600996679,21.661792061,0.0013233668089356,20.9988824196667,0.00135849068701834,19.2925186393333,0.00170887868717093,23.9160876803333,0.00120346156180721,24.778757731,0.00118605142544909,25.3176136546667,0.00119877954150254
25.8630280871111,0.00123347731945302,21.9791809556667,0.00127909296776855,21.3065583525556,0.0012672098097446,19.5751929051111,0.00167061168112842,24.2665065474444,0.00118829877533207,25.1418164523333,0.00120100134547573,25.6885677008889,0.00118495791484386
26.2365014168889,0.00113960149146175,22.2965698503333,0.00122769166664298,21.6142342854444,0.00130284791794879,19.8578671708889,0.00160729580641934,24.6169254145556,0.0011065310140238,25.5048751736667,0.00108558975720657,26.0595217471111,0.00114464939073725
26.6099747466667,0.00103417869251677,22.613958745,0.00121562971512814,21.9219102183333,0.00121577485457508,20.1405414366667,0.00152010393966221,24.9673442816667,0.00110045590969401,25.867933895,0.00110073910898882,26.4304757933333,0.00103448149218295
26.9834480764444,0.00101448811163613,22.9313476396667,0.00112774066524385,22.2295861512222,0.00118487521534498,20.4232157024444,0.0014310165337822,25.3177631487778,0.00110533211709185,26.2309926163333,0.000958213824727012,26.8014298395556,0.000992906601103526
27.3569214062222,0.000966767441899285,23.2487365343333,0.00111434250675435,22.5372620841111,0.00118550027423156,20.7058899682222,0.00133511528201821,25.6681820158889,0.00103263299014571,26.5940513376667,0.00105508755627594,27.1723838857778,0.000955110934161685
27.730394736,0.0010076435305033,23.566125429,0.00106095681674735,22.844938017,0.00112830857945512,20.988564234,0.00120477561857357,26.018600883,0.00100739976513289,26.957110059,0.000942438495981241,27.543337932,0.000946069643262303
28.1038680657778,0.00084866621173056,23.8835143236667,0.00112918187933165,23.1526139498889,0.00110218790682308,21.2712384997778,0.00118222456547109,26.3690197501111,0.00101381676378877,27.3201687803333,0.000904637426478299,27.9142919782222,0.000925641517017205
28.4773413955555,0.00079438290901528,24.2009032183333,0.000946716359968633,23.4602898827778,0.00107980057579437,21.5539127655556,0.00108841813232986,26.7194386172222,0.000917785036159274,27.6832275016667,0.000896385464591843,28.2852460244445,0.000931405107627018
28.8508147253333,0.000784676360706228,24.518292113,0.00093605212467983,23.7679658156667,0.00103845715176043,21.8365870313333,0.00113949047851682,27.0698574843333,0.000903959762840311,28.046286223,0.000856032153523948,28.6562000706667,0.000869634168105323
29.2242880551111,0.000737063973693525,24.8356810076667,0.000966470240780443,24.0756417485556,0.000994703361735554,22.1192612971111,0.00113067515182919,27.4202763514444,0.000847451356073193,28.4093449443333,0.000778598688090241,29.0271541168889,0.000830178007851441
29.5977613848889,0.000713623006523832,25.1530699023333,0.000928366472103364,24.3833176814444,0.00100462631768682,22.4019355628889,0.00106462088751466,27.7706952185556,0.000881795275389565,28.7724036656667,0.000771289693408898,29.3981081631111,0.000809365372657525
29.9712347146667,0.000662410884730428,25.470458797,0.000874239778408563,24.6909936143333,0.000903917613938324,22.6846098286667,0.00107697936575189,28.1211140856667,0.000787242035495588,29.135462387,0.000835027889696155,29.7690622093333,0.000813275965451015
30.3447080444444,0.000676887552142387,25.7878476916667,0.000889360559550718,24.9986695472222,0.000885348110943367,22.9672840944444,0.00103296907300807,28.4715329527778,0.000824725985735811,29.4985211083333,0.000736708808016777,30.1400162555556,0.00071152022017347
30.7181813742222,0.000607151504483227,26.1052365863333,0.000827442828445724,25.3063454801111,0.000870552205977888,23.2499583602222,0.00102281521924648,28.8219518198889,0.000840033571295502,29.8615798296667,0.000766385182139161,30.5109703017778,0.000665453495188586
31.091654704,0.000586797779815407,26.422625481,0.000830505660594648,25.614021413,0.000809062910224258,23.532632626,0.000915943747212557,29.172370687,0.000725230449171207,30.224638551,0.000681035471981302,30.881924348,0.000630448111337915
31.4651280337778,0.000569892080778207,26.7400143756667,0.000825948719382848,25.9216973458889,0.000861199018359234,23.8153068917778,0.000870507949304668,29.5227895541111,0.000698246252831266,30.5876972723333,0.000609134702147229,31.2528783942222,0.000562112308888058
31.8386013635555,0.000497086456708861,27.0574032703333,0.000808034646344125,26.2293732787778,0.000777560229726478,24.0979811575555,0.000778074748590742,29.8732084212222,0.000700990072977741,30.9507559936667,0.000608002485408177,31.6238324404444,0.000552271484454072
32.2120746933333,0.000515996951250141,27.374792165,0.00075281031014399,26.5370492116667,0.000803734297154246,24.3806554233333,0.000820436105305244,30.2236272883333,0.00060931388986182,31.313814715,0.000544114046172263,31.9947864866667,0.000549179626292474
32.5855480231111,0.000488029706349888,27.6921810596667,0.000752292353537494,26.8447251445555,0.000771007492917551,24.6633296891111,0.000804247865694813,30.5740461554444,0.000582021728557106,31.6768734363333,0.000545198184305511,32.3657405328889,0.000502628420675987
32.9590213528889,0.000476710246873044,28.0095699543333,0.000714689988806532,27.1524010774444,0.00071152914403917,24.9460039548889,0.000739915208186131,30.9244650225556,0.000545600773571662,32.0399321576667,0.000514460229591093,32.7366945791111,0.000420288011212063
33.3324946826667,0.000454928888062758,28.326958849,0.000745716237817625,27.4600770103333,0.000764689327522222,25.2286782206667,0.000765837322146405,31.2748838896667,0.000519155194959114,32.402990879,0.000399606788414721,33.1076486253333,0.000383988339325295
33.7059680124444,0.00042521995704334,28.6443477436667,0.000682686278264035,27.7677529432222,0.000695011001574074,25.5113524864444,0.0007501637144897,31.6253027567778,0.000441845352765762,32.7660496003333,0.000427389050549766,33.4786026715556,0.000310120300164122
34.0794413422222,0.000391346952056856,28.9617366383333,0.000605672432056377,28.0754288761111,0.000684795674733129,25.7940267522222,0.000759246706800984,31.9757216238889,0.00042659349384167,33.1291083216667,0.000357255882581776,33.8495567177778,0.000303144802458991
34.452914672,0.000400662333493638,29.279125533,0.000581017478127345,28.383104809,0.000671954625155708,26.076701018,0.000725278191661467,32.326140491,0.000410472235467757,33.492167043,0.000371602179821828,34.220510764,0.000243192989650581
34.8263880017778,0.000352188127686136,29.5965144276667,0.000490728940169341,28.6907807418889,0.000656331122121157,26.3593752837778,0.00068080267715286,32.6765593581111,0.000340372162359762,33.8552257643333,0.000282267882275214,34.5914648102222,0.000210626166222145
35.1998613315556,0.000311258669880703,29.9139033223333,0.000521224077788641,28.9984566747778,0.000607203641117486,26.6420495495556,0.000702886827992545,33.0269782252222,0.00033782242712642,34.2182844856667,0.000263926636265332,34.9624188564445,0.000188806328531206
35.5733346613333,0.000329656220633464,30.231292217,0.000508537439032643,29.3061326076667,0.000568884682619632,26.9247238153333,0.000613793824219903,33.3773970923333,0.000307241945596008,34.581343207,0.000253632064282524,35.3333729026667,0.000186274723862533
35.9468079911111,0.000299237643929365,30.5486811116667,0.00049423013410196,29.6138085405556,0.000562078876021009,27.2073980811111,0.000614061198261519,33.7278159594444,0.000326836652118122,34.9444019283333,0.000225167535855187,35.7043269488889,0.000133124496616755
36.3202813208889,0.000278717939437528,30.8660700063333,0.000450621482197845,29.9214844734444,0.000499659120769373,27.4900723468889,0.000623530232540416,34.0782348265556,0.00025995695721388,35.3074606496667,0.000197996473044947,36.0752809951111,0.000192436272852847
36.6937546506667,0.000273055938680528,31.183458901,0.00040417706181661,30.2291604063333,0.000523124865822102,27.7727466126667,0.000601973767119963,34.4286536936667,0.000261451269585159,35.670519371,0.000219426837502102,36.4462350413333,0.000148744687583619
37.0672279804444,0.000279699382874935,31.5008477956667,0.00039402076275587,30.5368363392222,0.000521792864013002,28.0554208784444,0.000551073202363696,34.7790725607778,0.000268472906562516,36.0335780923333,0.000159688896682911,36.8171890875556,0.000148930926276143
37.4407013102222,0.000227433827225635,31.8182366903333,0.000342585258074012,30.8445122721111,0.000473674187963863,28.3380951442222,0.000581710409932763,35.1294914278889,0.000226380570405993,36.3966368136667,0.000164104536960919,37.1881431337778,0.000136562085553214
37.81417464,0.00022928152154072,32.135625585,0.000368456768051857,31.152188205,0.000411171085959066,28.62076941,0.000568648578750667,35.479910295,0.000202905080878231,36.759695535,0.000176111547499528,37.55909718,0.000135341938856333
38.1876479697778,0.000241826390290234,32.4530144796667,0.00031108312446778,31.4598641378889,0.000386098025767021,28.9034436757778,0.000562499933911966,35.8303291621111,0.000189634066227308,37.1227542563333,0.000131798544090795,37.9300512262222,0.000135559796116087
38.5611212995556,0.000239867236554503,32.7704033743333,0.000265253228327608,31.7675400707778,0.000367230840187872,29.1861179415555,0.000544812200695101,36.1807480292222,0.000187489540457499,37.4858129776667,0.000127390848987811,38.3010052724444,0.000131123663026709
38.9345946293333,0.000196628383915521,33.087792269,0.00025151328901881,32.0752160036667,0.000353754652201361,29.4687922073333,0.000518616073774576,36.5311668963333,0.000171056464632525,37.848871699,0.000140903554635453,38.6719593186667,0.000127818771614202
39.3080679591111,0.000163576985167531,33.4051811636667,0.000237936382440224,32.3828919365556,0.000316890724088896,29.7514664731111,0.000531594615132521,36.8815857634444,0.00017455310893629,38.2119304203333,0.000128501187445462,39.0429133648889,0.000112648254785171
39.6815412888889,0.000179568895443625,33.7225700583333,0.000202269481426346,32.6905678694444,0.000274372454672052,30.0341407388889,0.000483892577569741,37.2320046305556,0.000157424279342647,38.5749891416667,0.000128380592683639,39.4138674111111,0.000147641650642028
40.0550146186667,0.000152646074113885,34.039958953,0.000193622805562544,32.9982438023333,0.000247401116636677,30.3168150046667,0.000456225846864399,37.5824234976667,0.000162048069911839,38.938047863,0.000183820392280376,39.7848214573333,0.000110404935278874
40.4284879484444,0.000140650934287458,34.3573478476667,0.000211640588627542,33.3059197352222,0.000251507488755538,30.5994892704444,0.000419567526763327,37.9328423647778,0.000173131648704451,39.3011065843333,0.000127758118931015,40.1557755035556,0.000140447528600593
40.8019612782222,0.000133436957409871,34.6747367423333,0.000157506355678962,33.6135956681111,0.000226382482908592,30.8821635362222,0.000392582622718573,38.2832612318889,0.000160065325657992,39.6641653056667,0.000119477516890216,40.5267295497778,0.000124404133147544
41.175434608,0.000124102779842644,34.992125637,0.000175974077633199,33.921271601,0.000186954647666364,31.164837802,0.00036511729304072,38.633680099,0.000163336718723805,40.027224027,0.000146866532235413,40.897683596,0.000147405375458757
41.5489079377778,0.000138411334648727,35.3095145316667,0.00016784432292873,34.2289475338889,0.000173618340800549,31.4475120677778,0.000358276476681779,38.9840989661111,0.000157646198292466,40.3902827483333,0.000119422769039054,41.2686376422222,0.000140833929818361
41.9223812675556,0.000149866203905482,35.6269034263333,0.000150161973839859,34.5366234667778,0.000153228174686946,31.7301863335555,0.000337115472849905,39.3345178332222,0.000138112017465605,40.7533414696667,0.000135254657966114,41.6395916884444,0.000118637092089239
42.2958545973333,0.000114011482539914,35.944292321,0.000122214986125095,34.8442993996667,0.000159090403969816,32.0128605993333,0.000315399688244818,39.6849367003333,0.000125790655081648,41.116400191,8.44710218227043E-05,42.0105457346667,0.000128961144376934
42.6693279271111,9.24379761844848E-05,36.2616812156667,0.000152376243291216,35.1519753325555,0.000133324879374109,32.2955348651111,0.000323970958133732,40.0353555674444,0.00012554853480508,41.4794589123333,8.00136078902391E-05,42.3814997808889,9.48929079002863E-05
43.0428012568889,8.89289983587115E-05,36.5790701103333,0.000161578440159349,35.4596512654444,0.000130922639503541,32.5782091308889,0.000320528722880217,40.3857744345556,0.000111180600641658,41.8425176336667,8.83777958065696E-05,42.7524538271111,0.000118775429283651
43.4162745866667,8.71216659549062E-05,36.896459005,0.000154656564547956,35.7673271983333,0.000141987433677454,32.8608833966667,0.000293808008881219,40.7361933016667,9.82396783750857E-05,42.205576355,0.000108810072530781,43.1234078733333,0.000109984885032698
43.7897479164445,8.02211807951611E-05,37.2138478996667,0.000178772233407641,36.0750031312222,0.000129072954656695,33.1435576624444,0.000252677228590443,41.0866121687778,9.39924198260402E-05,42.5686350763333,8.17769765176636E-05,43.4943619195556,9.46064970844381E-05
44.1632212462222,8.4513133914272E-05,37.5312367943333,0.000142202024861199,36.3826790641111,0.000127575899542649,33.4262319282222,0.000230202932593562,41.4370310358889,0.000102858489369997,42.9316937976667,9.92254089347636E-05,43.8653159657778,8.38813232502568E-05
44.536694576,8.32347579986548E-05,37.848625689,0.000128187745878108,36.690354997,0.000140196008677484,33.708906194,0.000241665920262616,41.787449903,8.54216574814328E-05,43.294752519,6.03950856390579E-05,44.236270012,7.39923840744262E-05
44.9101679057778,9.04756029151929E-05,38.1660145836667,0.000160402411682097,36.9980309298889,0.000112828301769939,33.9915804597778,0.000196008226028055,42.1378687701111,0.000109325380268906,43.6578112403333,7.67362968628415E-05,44.6072240582222,6.47297616843031E-05
45.2836412355556,6.59237459868009E-05,38.4834034783333,0.00012187294933053,37.3057068627778,9.66433306440372E-05,34.2742547255556,0.00015394254006255,42.4882876372222,7.04368408971199E-05,44.0208699616667,6.176075894215E-05,44.9781781044444,6.8547685160014E-05
45.6571145653333,6.75711918082233E-05,38.800792373,0.000109835103701447,37.6133827956667,9.4361640467881E-05,34.5569289913333,0.000132864888924483,42.8387065043333,6.90506855690479E-05,44.383928683,7.46363851894531E-05,45.3491321506667,5.94689937139938E-05
46.0305878951111,5.25201393966694E-05,39.1181812676667,0.000117543692291377,37.9210587285556,9.2190237764842E-05,34.8396032571111,0.000114366694224661,43.1891253714445,8.1090305969429E-05,44.7469874043333,5.30267767428561E-05,45.7200861968889,3.50601479212747E-05
46.4040612248889,5.13620713152318E-05,39.4355701623333,0.000104103462844137,38.2287346614444,9.40185716388183E-05,35.1222775228889,0.000132742567511034,43.5395442385556,6.73837161133072E-05,45.1100461256667,5.37173416313953E-05,46.0910402431111,2.34010810594512E-05
46.7775345546667,6.03662452520424E-05,39.752959057,7.06636116201527E-05,38.5364105943333,7.83592331557192E-05,35.4049517886667,0.000119914641100038,43.8899631056667,6.30678304050977E-05,45.473104847,4.92749065626163E-05,46.4619942893333,3.30666721176705E-05
47.1510078844444,4.06374573457721E-05,40.0703479516667,0.000106844583761844,38.8440865272222,0.00010691955231015,35.6876260544444,9.17159155277403E-05,44.2403819727778,4.45009544451632E-05,45.8361635683333,3.6674069145504E-05,46.8329483355556,1.81737747225028E-05
47.5244812142222,5.5772381973745E-05,40.3877368463333,8.47563442380116E-05,39.1517624601111,7.32660380713844E-05,35.9703003202222,0.000112162814959023,44.5908008398889,6.11303233493997E-05,46.1992222896667,2.82055929039129E-05,47.2039023817778,3.02791627760351E-05
47.897954544,4.59379401097468E-05,40.705125741,9.06910774973135E-05,39.459438393,0.000108052285125934,36.252974586,0.000100934495310314,44.941219707,4.38830312997653E-05,46.562281011,3.82184268590042E-05,47.574856428,2.2003539007089E-05
48.2714278737778,4.1122380781218E-05,41.0225146356667,6.49047558605764E-05,39.7671143258889,8.80595335413236E-05,36.5356488517778,0.000112374554923968,45.2916385741111,3.43756859216216E-05,46.9253397323333,5.42256510578718E-05,47.9458104742222,1.37696710094954E-05
48.6449012035556,4.38492951441444E-05,41.3399035303333,5.56767582571855E-05,40.0747902587778,9.83031050537673E-05,36.8183231175556,0.000110879893235488,45.6420574412222,4.3424527589652E-05,47.2883984536667,2.37218894830837E-05,48.3167645204445,7.94496222978366E-06
49.0183745333333,4.91875979225943E-05,41.657292425,6.89727734430133E-05,40.3824661916667,9.04070931171435E-05,37.1009973833333,8.9817348090405E-05,45.9924763083333,3.02374516984678E-05,47.651457175,3.33518882942825E-05,48.6877185666667,4.57166521904447E-06
49.3918478631111,4.71551360222921E-05,41.9746813196667,8.48032591428845E-05,40.6901421245556,6.72780755958414E-05,37.3836716491111,9.16287199285011E-05,46.3428951754445,3.04626888566149E-05,48.0145158963333,3.8171472791534E-05,49.0586726128889,2.80904153536061E-07
49.7653211928889,3.44791260187046E-05,42.2920702143333,5.81805570315961E-05,40.9978180574444,0.000111801031961653,37.6663459148889,7.75998798494054E-05,46.6933140425556,2.94003494335764E-05,48.3775746176667,1.63574331188521E-05,49.4296266591111,9.81663639262101E-06
50.1387945226667,4.9428418753338E-05,42.609459109,5.72200961149459E-05,41.3054939903333,7.42028134929672E-05,37.9490201806667,9.85113810256368E-05,47.0437329096667,2.77146532425685E-05,48.740633339,1.1473556337606E-05,49.8005807053333,2.0915540974605E-06
50.5122678524444,3.01720936803565E-05,42.9268480036667,4.71376549343939E-05,41.6131699232222,6.40877751246015E-05,38.2316944464444,6.70436552486223E-05,47.3941517767778,3.42414645853263E-05,49.1036920603333,1.75263213762308E-05,50.1715347515556,1.90244375310049E-06
50.8857411822222,5.78342503956421E-05,43.2442368983333,4.7440536235236E-05,41.9208458561111,8.581938985598E-05,38.5143687122222,7.04604904180751E-05,47.7445706438889,3.60748063381845E-05,49.4667507816667,2.07913105170559E-05,50.5424887977778,3.45900257001002E-07
51.259214512,3.89145244623748E-05,43.561625793,4.27127535222038E-05,42.228521789,8.5679786863955E-05,38.797042978,8.56541887793494E-05,48.094989511,2.78201187622216E-05,49.829809503,2.30828268151396E-05,50.913442844,3.25190103377066E-08
51.6326878417778,2.44101961220196E-05,43.8790146876667,4.17765699664876E-05,42.5361977218889,8.6650703247098E-05,39.0797172437778,5.99260224411546E-05,48.4454083781111,2.53499657662838E-05,50.1928682243333,1.96928944704745E-05,51.2843968902222,1.45314155087903E-07
52.0061611715556,2.17702990063439E-05,44.1964035823333,4.2395755567436E-05,42.8438736547778,6.99781887434932E-05,39.3623915095556,8.01890974558613E-05,48.7958272452222,2.86263214809746E-05,50.5559269456667,8.93895218470318E-06,51.6553509364445,2.02204309446575E-07
52.3796345013333,2.58803341139229E-05,44.513792477,4.12932119980596E-05,43.1515495876667,7.80970680668237E-05,39.6450657753333,7.58132325139287E-05,49.1462461123333,2.13596458776262E-05,50.918985667,7.61432765549688E-06,52.0263049826667,2.48632534984136E-07
52.7531078311111,1.95016839779218E-05,44.8311813716667,3.49729894213328E-05,43.4592255205556,4.28225023141087E-05,39.9277400411111,6.86656922337069E-05,49.4966649794445,2.04500565067242E-05,51.2820443883333,5.92670477846696E-06,52.3972590288889,2.26505487444155E-07
53.1265811608889,1.33291146059547E-05,45.1485702663333,2.84679110546212E-05,43.7669014534445,5.85542945702003E-05,40.2104143068889,8.67368990054009E-05,49.8470838465556,1.21799324762364E-05,51.6451031096667,5.48095496484991E-06,52.7682130751111,1.11112640975554E-07
53.5000544906667,2.80180932376253E-05,45.465959161,2.29440576530135E-05,44.0745773863333,4.67963430948785E-05,40.4930885726667,0.000112380631807959,50.1975027136667,9.44099781335242E-06,52.008161831,1.39854507161388E-05,53.1391671213333,1.2416726988772E-07
53.8735278204444,1.53822380722842E-05,45.7833480556667,3.45711866392538E-05,44.3822533192222,4.55997168432345E-05,40.7757628384445,8.14903537881263E-05,50.5479215807778,2.09423168937254E-05,52.3712205523333,3.60624316978072E-06,53.5101211675556,4.1614388471127E-08
54.2470011502222,1.43841877750884E-05,46.1007369503333,2.18050461594624E-05,44.6899292521111,4.41357149630047E-05,41.0584371042222,5.40729188492711E-05,50.8983404478889,6.71666698036208E-06,52.7342792736667,1.9087948399044E-06,53.8810752137778,1.7310638574217E-07
54.62047448,1.46139822864744E-05,46.418125845,2.83887535324791E-05,44.997605185,5.59717521598051E-05,41.34111137,5.99289406633774E-05,51.248759315,8.88435162030211E-06,53.097337995,1.86248649364842E-06,54.25202926,3.79374023334169E-08
54.9939478097778,1.29824313055003E-05,46.7355147396667,2.27681293530824E-05,45.3052811178889,2.29717158395376E-05,41.6237856357778,7.45543021496582E-05,51.5991781821111,1.22662589605854E-05,53.4603967163333,0,54.6229833062222,0
55.3674211395555,9.00497252951099E-06,47.0529036343333,1.31398976213591E-05,45.6129570507778,2.17953460087686E-05,41.9064599015556,7.0466533832259E-05,51.9495970492222,1.71665517719021E-05,53.8234554376667,3.7191576220136E-06,54.9939373524444,5.54921093014867E-08
55.7408944693333,1.49216903743874E-05,47.370292529,1.48227730291583E-05,45.9206329836667,3.61135366995092E-05,42.1891341673333,7.99375870316709E-05,52.3000159163333,6.94358132528546E-06,54.186514159,5.36023730954719E-06,55.3648913986667,0
56.1143677991111,1.44509510898034E-05,47.6876814236667,1.87775925510227E-05,46.2283089165556,2.08107121789576E-05,42.4718084331111,7.43140744292119E-05,52.6504347834445,1.04949213787628E-05,54.5495728803333,6.94927704994172E-06,55.7358454448889,3.77125395244756E-08
56.4878411288889,1.38066395375093E-05,48.0050703183333,2.42458672863037E-05,46.5359848494444,0.0000303192261699001,42.7544826988889,4.60467211311544E-05,53.0008536505556,1.23008326368267E-05,54.9126316016667,3.49480916347932E-06,56.1067994911111,0
56.8613144586667,9.96679427211483E-06,48.322459213,2.46199296370115E-05,46.8436607823333,1.931552301504E-05,43.0371569646667,6.74319548821025E-05,53.3512725176667,8.77314851424526E-06,55.275690323,0,56.4777535373333,5.53155729468386E-08
57.2347877884444,1.34716657682424E-05,48.6398481076667,1.26648003616724E-05,47.1513367152222,2.55018790458712E-05,43.3198312304444,4.99319133970018E-05,53.7016913847778,8.83377158807398E-06,55.6387490443333,0,56.8487075835556,5.88639437215523E-08
57.6082611182222,7.90593491737965E-06,48.9572370023333,2.04377524645959E-05,47.4590126481111,1.08606946118236E-05,43.6025054962222,5.92182240045549E-05,54.0521102518889,7.49764879833486E-06,56.0018077656667,0,57.2196616297778,0
57.981734448,1.13733813035749E-05,49.274625897,2.90586465996958E-05,47.766688581,1.93776719483108E-05,43.885179762,6.22996471888653E-05,54.402529119,3.58336435993983E-06,56.364866487,0,57.590615676,0
58.3552077777778,1.42065007095052E-05,49.5920147916667,1.23911715198283E-05,48.0743645138889,1.49031088580233E-05,44.1678540277778,5.89230028334812E-05,54.7529479861111,8.82121438053082E-06,56.7279252083333,0,57.9615697222222,5.83226756853158E-08
58.7286811075556,1.35761649100489E-05,49.9094036863333,1.07430345211837E-05,48.3820404467778,1.11728328096877E-05,44.4505282935556,4.26057133446876E-05,55.1033668532222,1.76004160525374E-06,57.0909839296667,0,58.3325237684444,0
59.1021544373333,1.11000011333307E-05,50.226792581,3.67989005678183E-06,48.6897163796667,7.11995481652301E-06,44.7332025593333,5.05026504631395E-05,55.4537857203333,1.81851676613511E-06,57.454042651,0,58.7034778146667,0
59.4756277671111,5.22418893309154E-06,50.5441814756667,1.79188749911939E-06,48.9973923125556,1.02371559704593E-05,45.0158768251111,4.10670925764638E-05,55.8042045874445,5.77096194363285E-06,57.8171013723333,1.70077592559805E-07,59.0744318608889,0
59.8491010968889,9.07637382586431E-06,50.8615703703333,1.06083394391791E-05,49.3050682454444,7.10342881410686E-06,45.2985510908889,3.299966669387E-05,56.1546234545556,3.5182229451335E-06,58.1801600936667,1.79845149409995E-06,59.4453859071111,5.57155579898938E-08
60.2225744266667,7.83387974616615E-06,51.178959265,3.58866173016815E-06,49.6127441783333,9.23060798773886E-06,45.5812253566667,2.84234996450085E-05,56.5050423216667,5.89008655630071E-08,58.543218815,5.53126966408504E-08,59.8163399533333,0
60.5960477564444,7.59962808465486E-06,51.4963481596667,1.37537202999448E-05,49.9204201112222,8.72866130559726E-06,45.8638996224444,2.78637160868363E-05,56.8554611887778,1.74346116052973E-06,58.9062775363333,0,60.1872939995556,0
60.9695210862222,3.72630962616647E-06,51.8137370543333,8.7674228722339E-06,50.2280960441111,8.75639105700584E-06,46.1465738882222,3.31672255449284E-05,57.2058800558889,5.57242451584689E-08,59.2693362576667,1.13634517919522E-07,60.5582480457778,1.14552599274124E-07
61.342994416,5.15427370081036E-06,52.131125949,8.82789717107203E-06,50.535771977,7.47296036113205E-06,46.429248154,1.86402275253289E-05,57.556298923,5.94030682195001E-08,59.632394979,0,60.929202092,0
61.7164677457778,5.29002770126125E-06,52.4485148436667,7.44769479293084E-06,50.8434479098889,1.84617211947241E-06,46.7119224197778,1.44791580084343E-05,57.9067177901111,5.49718596319975E-08,59.9954537003333,0,61.3001561382222,0
62.0899410755556,7.50821180242585E-06,52.7659037383333,8.76009585127546E-06,51.1511238427778,1.74929299994283E-06,46.9945966855556,1.38430059565079E-05,58.2571366572222,5.57253354346702E-08,60.3585124216667,0,61.6711101844444,0
62.4634144053333,3.40881637614239E-06,53.083292633,1.74346116052973E-06,51.4587997756667,3.51142521686659E-06,47.2772709513333,2.84329504154307E-05,58.6075555243333,5.93981652065972E-08,60.721571143,0,62.0420642306667,0
62.8368877351111,5.58163847925325E-06,53.4006815276667,5.31420637237249E-06,51.7664757085556,1.77439394666599E-06,47.5599452171111,1.21742784021556E-05,58.9579743914445,0,61.0846298643333,0,62.4130182768889,0
63.2103610648889,1.17772028470483E-06,53.7180704223333,0,52.0741516414445,2.21156558020183E-06,47.8426194828889,1.38410502561477E-05,59.3083932585556,5.94022533339609E-08,61.4476885856667,0,62.7839723231111,0
63.5838343946667,5.73287770981048E-06,54.035459317,0,52.3818275743333,1.75989418278725E-06,48.1252937486667,4.02871277969549E-06,59.6588121256667,0,61.810747307,0,63.1549263693333,0
63.9573077244444,0,54.3528482116667,1.81363203539679E-06,52.6895035072222,1.68726951888269E-06,48.4079680144444,1.04640410587852E-05,60.0092309927778,0,62.1738060283333,5.57179404714859E-08,63.5258804155556,0
64.3307810542222,1.78039077631582E-06,54.6702371063333,5.88665208011866E-08,52.9971794401111,0,48.6906422802222,4.61633400618707E-06,60.3596498598889,0,62.5368647496667,0,63.8968344617778,0
64.704254384,1.79087235628588E-06,54.987626001,0,53.304855373,3.77114977200763E-08,48.973316546,7.0337634524401E-06,60.710068727,0,62.899923471,0,64.267788508,0
65.0777277137778,1.75828161020913E-06,55.3050148956667,0,53.6125313058889,0,49.2559908117778,5.01965524069702E-06,61.0604875941111,0,63.2629821923333,0,64.6387425542222,0
65.4512010435555,1.74287997498823E-06,55.6224037903333,0,53.9202072387778,1.75971874586695E-06,49.5386650775555,5.18860250428977E-06,61.4109064612222,0,63.6260409136667,0,65.0096966004445,0
65.8246743733333,3.82679075540467E-06,55.939792685,5.53111383828895E-08,54.2278831716667,1.14391441901603E-07,49.8213393433333,5.28712971464603E-06,61.7613253283333,0,63.989099635,0,65.3806506466667,0
66.1981477031111,3.76477765215511E-08,56.2571815796667,0,54.5355591045556,1.75965024533393E-06,50.1040136091111,0,62.1117441954445,0,64.3521583563333,0,65.7516046928889,0
66.5716210328889,1.79902924799927E-06,56.5745704743333,0,54.8432350374444,0,50.3866878748889,1.77420129386353E-06,62.4621630625556,0,64.7152170776667,0,66.1225587391111,0
66.9450943626667,1.80753762562362E-06,56.891959369,1.81904472911003E-06,55.1509109703333,5.88665208011866E-08,50.6693621406667,5.16866899982789E-06,62.8125819296667,0,65.078275799,0,66.4935127853333,0
67.3185676924444,5.57164012700362E-08,57.2093482636667,5.53124529401028E-08,55.4585869032222,0,50.9520364064445,0,63.1630007967778,0,65.4413345203333,0,66.8644668315556,0
67.6920410222222,1.75123526655355E-06,57.5267371583333,0,55.7662628361111,0,51.2347106722222,3.5113423875408E-06,63.5134196638889,0,65.8043932416667,0,67.2354208777778,0
68.065514352,0,57.844126053,5.57253354346702E-08,56.073938769,1.14714236853713E-07,51.517384938,1.80658036497352E-06,63.863838531,0,66.167451963,0,67.606374924,0
68.4389876817778,5.94030682195001E-08,58.1615149476667,0,56.3816147018889,0,51.8000592037778,1.75971874586695E-06,64.2142573981111,0,66.5305106843333,0,67.9773289702222,0
68.8124610115556,3.850225520613E-06,58.4789038423333,0,56.6892906347778,5.94022533339609E-08,52.0827334695556,0,64.5646762652222,0,66.8935694056667,0,68.3482830164445,0
69.1859343413333,1.80513110800046E-06,58.796292737,0,56.9969665676667,5.57164012700362E-08,52.3654077353333,0,64.9150951323334,0,67.256628127,5.53950579456681E-07,68.7192370626667,0
69.5594076711111,0,59.1136816316667,0,57.3046425005556,5.54007711986412E-07,52.6480820011111,5.54915395038858E-08,65.2655139994445,0,67.6196868483333,5.54004341422063E-07,69.0901911088889,0
69.9328810008889,1.65775968890715E-06,59.4310705263333,5.57242451584689E-08,57.6123184334444,0,52.9307562668889,5.49718596319975E-08,65.6159328665556,0,67.9827455696667,0,69.4611451551111,0
70.3063543306667,0,59.748459421,0,57.9199943663333,5.93981652065972E-08,53.2134305326667,0,65.9663517336667,0,68.345804291,0,69.8320992013333,0
70.6798276604444,5.88665208011866E-08,60.0658483156667,0,58.2276702992222,0,53.4961047984445,5.57253354346702E-08,66.3167706007778,0,68.7088630123333,0,70.2030532475556,0
71.0533009902222,0,60.3832372103333,0,58.5353462321111,0,53.7787790642222,0,66.6671894678889,0,69.0719217336667,0,70.5740072937778,5.53950579456681E-07
71.42677432,0,60.700626105,0,58.843022165,0,54.06145333,5.93981652065972E-08,67.017608335,0,69.434980455,0,70.94496134,0
71.8002476497778,1.62457178728842E-06,61.0180149996667,0,59.1506980978889,0,54.3441275957778,6.08944215642896E-07,67.3680272021111,0,69.7980391763334,0,71.3159153862222,0
72.1737209795556,0,61.3354038943333,0,59.4583740307778,0,54.6268018615556,5.53124529401028E-08,67.7184460692222,0,70.1610978976667,0,71.6868694324444,0
72.5471943093333,0,61.652792789,0,59.7660499636667,0,54.9094761273333,0,68.0688649363333,0,70.524156619,0,72.0578234786667,0
72.9206676391111,5.49365036564835E-08,61.9701816836667,0,60.0737258965556,0,55.1921503931111,0,68.4192838034444,0,70.8872153403333,0,72.4287775248889,0
73.2941409688889,0,62.2875705783333,0,60.3814018294444,0,55.4748246588889,5.53877961838294E-07,68.7697026705556,5.53877961838294E-07,71.2502740616667,0,72.7997315711111,0
73.6676142986667,1.75824699770639E-06,62.604959473,0,60.6890777623333,0,55.7574989246667,0,69.1201215376667,0,71.613332783,0,73.1706856173333,0
74.0410876284444,3.47503561491474E-06,62.9223483676667,0,60.9967536952222,0,56.0401731904444,0,69.4705404047778,0,71.9763915043333,0,73.5416396635556,0
74.4145609582222,0,63.2397372623333,0,61.3044296281111,0,56.3228474562222,0,69.8209592718889,0,72.3394502256667,0,73.9125937097778,0
74.788034288,0,63.557126157,0,61.612105561,0,56.605521722,0,70.171378139,0,72.702508947,5.65331720378997E-07,74.283547756,0
75.1615076177778,0,63.8745150516667,0,61.9197814938889,0,56.8881959877778,0,70.5217970061111,0,73.0655676683333,0,74.6545018022222,0
75.5349809475556,0,64.1919039463333,0,62.2274574267778,0,57.1708702535556,0,70.8722158732222,0,73.4286263896667,0,75.0254558484444,0
75.9084542773333,0,64.509292841,0,62.5351333596667,0,57.4535445193333,0,71.2226347403333,0,73.791685111,0,75.3964098946667,0
76.2819276071111,0,64.8266817356667,0,62.8428092925556,0,57.7362187851111,0,71.5730536074445,0,74.1547438323333,0,75.7673639408889,0
76.6554009368889,0,65.1440706303333,0,63.1504852254445,0,58.0188930508889,0,71.9234724745556,0,74.5178025536667,0,76.1383179871111,0
77.0288742666667,0,65.461459525,0,63.4581611583333,0,58.3015673166667,0,72.2738913416667,0,74.880861275,0,76.5092720333333,0
77.4023475964444,0,65.7788484196667,0,63.7658370912222,0,58.5842415824444,0,72.6243102087778,0,75.2439199963334,0,76.8802260795556,0
77.7758209262222,0,66.0962373143333,0,64.0735130241111,0,58.8669158482222,0,72.9747290758889,0,75.6069787176667,0,77.2511801257778,0
78.149294256,0,66.413626209,0,64.381188957,0,59.149590114,0,73.325147943,5.65321188674264E-07,75.970037439,0,77.622134172,0
78.5227675857778,0,66.7310151036667,0,64.6888648898889,0,59.4322643797778,0,73.6755668101111,0,76.3330961603333,0,77.9930882182222,0
78.8962409155556,0,67.0484039983333,0,64.9965408227778,0,59.7149386455556,0,74.0259856772222,0,76.6961548816667,0,78.3640422644445,0
79.2697142453333,0,67.365792893,0,65.3042167556667,0,59.9976129113333,0,74.3764045443333,0,77.059213603,0,78.7349963106667,0
79.6431875751111,0,67.6831817876667,0,65.6118926885556,0,60.2802871771111,0,74.7268234114444,0,77.4222723243333,0,79.1059503568889,0
80.0166609048889,1.69221831576157E-06,68.0005706823333,0,65.9195686214445,0,60.5629614428889,0,75.0772422785556,0,77.7853310456667,0,79.4769044031111,0
80.3901342346667,0,68.317959577,0,66.2272445543333,0,60.8456357086667,0,75.4276611456667,0,78.148389767,0,79.8478584493333,0
80.7636075644444,0,68.6353484716667,0,66.5349204872222,0,61.1283099744444,0,75.7780800127778,0,78.5114484883333,0,80.2188124955556,0
81.1370808942222,0,68.9527373663333,0,66.8425964201111,0,61.4109842402222,0,76.1284988798889,0,78.8745072096667,0,80.5897665417778,0
81.510554224,0,69.270126261,0,67.150272353,0,61.693658506,0,76.478917747,0,79.237565931,0,80.960720588,0
81.8840275537778,0,69.5875151556667,0,67.4579482858889,0,61.9763327717778,0,76.8293366141111,0,79.6006246523333,0,81.3316746342222,0
82.2575008835556,0,69.9049040503333,0,67.7656242187778,0,62.2590070375555,5.65333246778306E-07,77.1797554812222,0,79.9636833736667,0,81.7026286804444,0
82.6309742133333,0,70.222292945,0,68.0733001516667,0,62.5416813033333,0,77.5301743483333,0,80.326742095,0,82.0735827266667,0
83.0044475431111,0,70.5396818396667,0,68.3809760845556,0,62.8243555691111,0,77.8805932154445,0,80.6898008163333,0,82.4445367728889,0
83.3779208728889,0,70.8570707343333,0,68.6886520174445,0,63.1070298348889,0,78.2310120825556,0,81.0528595376667,0,82.8154908191111,0
83.7513942026667,0,71.174459629,0,68.9963279503333,0,63.3897041006667,0,78.5814309496667,0,81.415918259,0,83.1864448653333,0
